Date,Open,High,Low,Close,Volume,OpenInt
23-08-2010,16.388,16.499,16.335,16.448,134698,0
24-08-2010,16.415,16.58,16.335,16.507,94721,0
25-08-2010,16.514,16.601,16.396,16.514,91884,0
26-08-2010,16.507,16.618,16.371,16.521,125191,0
27-08-2010,16.559,16.685,16.415,16.685,102788,0
30-08-2010,16.574,16.574,16.171,16.424,122139,0
31-08-2010,16.328,16.438,16.142,16.408,138247,0
01-09-2010,16.474,16.55,16.438,16.521,83518,0
02-09-2010,16.542,16.61,16.499,16.514,94547,0
03-09-2010,16.559,16.559,16.431,16.461,77034,0
07-09-2010,16.448,16.574,16.282,16.55,113107,0
08-09-2010,16.559,16.685,16.559,16.653,144338,0
09-09-2010,16.685,16.996,16.646,16.966,157252,0
10-09-2010,16.945,17.144,16.847,17.063,198933,0
13-09-2010,17.077,17.115,17.018,17.089,182131,0
14-09-2010,17.031,17.149,17.031,17.115,143506,0
15-09-2010,17.115,17.262,17.077,17.248,617107,0
16-09-2010,17.262,17.59,17.226,17.558,533267,0
17-09-2010,17.539,18.027,17.539,17.777,646361,0
20-09-2010,17.777,17.871,17.708,17.777,373744,0
21-09-2010,17.759,17.783,17.308,17.411,495908,0
22-09-2010,17.375,17.523,17.188,17.3,414485,0
23-09-2010,17.3,17.447,17.149,17.396,279949,0
24-09-2010,17.447,17.627,17.433,17.433,147682,0
27-09-2010,17.42,17.498,17.336,17.381,101191,0
28-09-2010,17.396,17.612,17.276,17.329,199614,0
29-09-2010,17.285,17.447,17.188,17.367,263269,0
30-09-2010,17.352,17.582,17.336,17.36,251026,0
01-10-2010,17.389,17.404,17.197,17.248,95124,0
04-10-2010,17.256,17.396,17.21,17.315,132058,0
05-10-2010,17.285,17.396,17.285,17.367,129728,0
06-10-2010,17.344,17.389,17.218,17.322,117223,0
07-10-2010,17.329,17.447,17.294,17.42,79014,0
08-10-2010,17.344,17.344,17.234,17.322,88072,0
11-10-2010,17.285,17.36,17.188,17.344,105575,0
12-10-2010,17.352,17.447,17.285,17.36,1307467,0
13-10-2010,17.427,17.427,17.294,17.352,129101,0
14-10-2010,17.352,17.352,17.197,17.234,278551,0
15-10-2010,17.256,17.294,16.802,16.901,238854,0
18-10-2010,16.824,16.966,16.796,16.901,52472,0
19-10-2010,16.81,16.996,16.714,16.81,244899,0
20-10-2010,16.737,16.818,16.58,16.706,216045,0
21-10-2010,16.668,16.75,16.61,16.646,159441,0
22-10-2010,16.661,16.86,16.653,16.781,121833,0
25-10-2010,16.802,16.842,16.618,16.653,180682,0
26-10-2010,16.499,16.966,16.499,16.901,304590,0
27-10-2010,16.901,16.996,16.86,16.952,98439,0
28-10-2010,16.952,17.038,16.877,17.011,54669,0
29-10-2010,16.996,17.089,16.927,17.011,109217,0
01-11-2010,17.018,17.149,17.011,17.137,91871,0
02-11-2010,17.13,17.262,17.038,17.099,311297,0
03-11-2010,17.011,17.13,16.927,17.025,173765,0
04-11-2010,17.071,17.248,17.047,17.144,172763,0
05-11-2010,17.13,17.262,17.107,17.174,146985,0
08-11-2010,17.144,17.336,17.122,17.27,151753,0
09-11-2010,17.21,17.308,17.188,17.27,115177,0
10-11-2010,17.203,17.285,17.122,17.188,102545,0
11-11-2010,17.144,17.183,17.038,17.056,96252,0
12-11-2010,16.973,17.056,16.959,16.987,67776,0
15-11-2010,16.966,17.047,16.966,16.987,106589,0
16-11-2010,16.927,16.952,16.631,16.832,166431,0
17-11-2010,16.706,16.927,16.61,16.818,76014,0
18-11-2010,16.901,17.063,16.854,17.047,63254,0
19-11-2010,17.025,17.038,16.937,16.959,62263,0
22-11-2010,16.937,16.959,16.72,16.892,158261,0
23-11-2010,16.854,16.854,16.594,16.72,200884,0
24-11-2010,16.72,17.005,16.72,16.764,141626,0
26-11-2010,16.743,16.75,16.618,16.714,95958,0
29-11-2010,16.507,16.526,16.164,16.408,95046,0
30-11-2010,16.32,16.328,15.964,16.253,160762,0
01-12-2010,16.379,16.627,16.335,16.335,121075,0
02-12-2010,16.275,16.335,16.052,16.105,133841,0
03-12-2010,16.059,16.111,15.979,16.023,92045,0
06-12-2010,15.964,16.157,15.771,16.111,164512,0
07-12-2010,16.075,16.194,15.927,16.031,84443,0
08-12-2010,15.964,16.031,15.867,15.912,61276,0
09-12-2010,15.912,16.083,15.837,16,98389,0
10-12-2010,15.896,16.157,15.829,16.148,118318,0
13-12-2010,16.075,16.142,15.964,16.09,81719,0
14-12-2010,16,16.067,15.748,15.748,85256,0
15-12-2010,15.696,15.876,15.409,15.481,163516,0
16-12-2010,15.577,15.577,14.937,15.25,306209,0
17-12-2010,15.273,15.592,15.213,15.487,68686,0
20-12-2010,15.541,15.57,15.019,15.051,98313,0
21-12-2010,15.019,15.308,14.924,15.223,117923,0
22-12-2010,15.103,15.421,15.103,15.324,90107,0
23-12-2010,15.297,15.421,15.182,15.25,135081,0
27-12-2010,15.25,15.401,15.145,15.356,73179,0
28-12-2010,15.367,15.519,15.297,15.519,104829,0
29-12-2010,15.614,15.712,15.519,15.608,72278,0
30-12-2010,15.667,15.816,15.555,15.763,57026,0
31-12-2010,15.876,16.097,15.823,16.067,45685,0
03-01-2011,16.111,16.164,15.992,16.083,129905,0
04-01-2011,16.052,16.186,15.918,16.186,164121,0
05-01-2011,16.186,16.342,16.142,16.268,114460,0
06-01-2011,16.23,16.357,16.23,16.298,160043,0
07-01-2011,16.335,16.335,16.097,16.111,64281,0
10-01-2011,16.157,16.157,15.972,16.09,82734,0
11-01-2011,16.075,16.164,16.045,16.052,102426,0
12-01-2011,16.083,16.408,16.052,16.239,121082,0
13-01-2011,16.223,16.328,16.127,16.148,127925,0
14-01-2011,16.119,16.328,16.105,16.105,84146,0
18-01-2011,16.09,16.201,16.007,16.059,48207,0
19-01-2011,16.015,16.067,15.942,16,75217,0
20-01-2011,15.972,16.045,15.972,16.023,87627,0
21-01-2011,16.023,16.039,15.896,15.934,64058,0
24-01-2011,15.979,16.045,15.934,15.947,40519,0
25-01-2011,15.986,15.986,15.876,15.896,89748,0
26-01-2011,15.816,15.979,15.808,15.883,736286,0
27-01-2011,15.934,16,15.888,15.992,137237,0
28-01-2011,15.986,16,15.837,15.837,76023,0
31-01-2011,15.829,16,15.8,15.992,564061,0
01-02-2011,15.964,16.23,15.947,16.201,120580,0
02-02-2011,16.111,16.396,16.111,16.388,50137,0
03-02-2011,16.305,16.697,16.298,16.601,103781,0
04-02-2011,16.653,16.87,16.574,16.691,119588,0
07-02-2011,16.706,16.796,16.474,16.521,57686,0
08-02-2011,16.461,16.697,16.461,16.697,113861,0
09-02-2011,16.714,16.877,16.618,16.743,89924,0
10-02-2011,16.653,16.959,16.618,16.913,89960,0
11-02-2011,16.796,17.005,16.773,17.005,62531,0
14-02-2011,16.945,16.973,16.81,16.842,113169,0
15-02-2011,16.757,17.025,16.757,16.885,69539,0
16-02-2011,16.87,17.077,16.87,17.038,123736,0
18-02-2011,16.937,17.167,16.937,17.159,69870,0
22-02-2011,16.987,17.063,16.907,16.945,81391,0
23-02-2011,17.018,17.038,16.842,16.979,95267,0
24-02-2011,16.966,17.005,16.885,16.966,81608,0
25-02-2011,16.685,16.72,16.61,16.61,84220,0
28-02-2011,16.61,16.685,16.594,16.601,76186,0
01-03-2011,16.618,16.691,16.499,16.499,71542,0
02-03-2011,16.526,16.526,15.964,16.388,355990,0
03-03-2011,16.448,16.514,16.431,16.507,70683,0
04-03-2011,16.49,16.678,16.431,16.668,96906,0
07-03-2011,16.706,16.75,16.627,16.631,84563,0
08-03-2011,16.685,16.854,16.618,16.714,83455,0
09-03-2011,16.757,16.854,16.706,16.802,131643,0
10-03-2011,16.802,16.854,16.743,16.842,95101,0
11-03-2011,16.773,17.038,16.668,16.973,198397,0
14-03-2011,16.901,16.937,16.854,16.92,69366,0
15-03-2011,16.773,16.86,16.743,16.81,88838,0
16-03-2011,16.847,16.907,16.757,16.802,63686,0
17-03-2011,16.854,16.927,16.743,16.743,84435,0
18-03-2011,16.847,16.959,16.757,16.937,112540,0
21-03-2011,16.92,16.996,16.802,16.81,84452,0
22-03-2011,16.847,16.86,16.781,16.81,80889,0
23-03-2011,16.824,16.92,16.757,16.854,86171,0
24-03-2011,16.818,16.913,16.788,16.796,84802,0
25-03-2011,16.773,16.854,16.728,16.728,127542,0
28-03-2011,16.743,16.781,16.637,16.697,88477,0
29-03-2011,16.743,16.847,16.706,16.796,58928,0
30-03-2011,16.781,16.854,16.737,16.737,89109,0
31-03-2011,16.743,16.945,16.743,16.907,47790,0
01-04-2011,16.907,17.047,16.847,16.966,44748,0
04-04-2011,16.937,17.025,16.892,16.945,119793,0
05-04-2011,16.901,17.13,16.901,17.107,90469,0
06-04-2011,17.099,17.159,17.077,17.099,47007,0
07-04-2011,17.077,17.188,17.056,17.063,81463,0
08-04-2011,17.047,17.115,16.987,17.011,129090,0
11-04-2011,16.996,17.084,16.987,16.996,56650,0
12-04-2011,17.005,17.056,16.927,16.937,63648,0
13-04-2011,16.937,17.011,16.87,16.937,53869,0
14-04-2011,16.92,16.927,16.847,16.885,42135,0
15-04-2011,16.913,16.92,16.847,16.854,55253,0
18-04-2011,16.75,16.802,16.668,16.691,45759,0
19-04-2011,16.706,16.847,16.691,16.802,55331,0
20-04-2011,16.885,17.018,16.842,17.018,106923,0
21-04-2011,16.996,17.031,16.913,17.018,48690,0
25-04-2011,17.005,17.077,16.927,17.077,92116,0
26-04-2011,17.018,17.188,16.952,17.167,94367,0
27-04-2011,17.077,17.248,17.056,17.234,60087,0
28-04-2011,17.241,17.285,17.203,17.226,53838,0
29-04-2011,17.226,17.3,17.137,17.27,64559,0
02-05-2011,17.336,17.352,17.21,17.329,62091,0
03-05-2011,17.375,17.498,17.375,17.471,75936,0
04-05-2011,17.404,17.582,17.404,17.488,82289,0
05-05-2011,17.492,17.582,17.439,17.552,61578,0
06-05-2011,17.539,17.702,17.517,17.679,56904,0
09-05-2011,17.656,17.759,17.642,17.702,86190,0
10-05-2011,17.685,17.819,17.685,17.811,95713,0
11-05-2011,17.819,17.968,17.797,17.894,119608,0
12-05-2011,17.843,18.119,17.843,18.05,103422,0
13-05-2011,18.05,18.182,18.05,18.137,74974,0
16-05-2011,18.17,18.249,18.014,18.206,125811,0
17-05-2011,18.137,18.17,17.962,18.034,121708,0
18-05-2011,18.027,18.137,18.027,18.125,69497,0
19-05-2011,18.078,18.154,18.007,18.094,80907,0
20-05-2011,18.072,18.177,18.027,18.177,35871,0
23-05-2011,18.027,18.189,18.027,18.189,91138,0
24-05-2011,18.154,18.222,18.137,18.197,51698,0
25-05-2011,18.214,18.214,18.094,18.125,85054,0
26-05-2011,18.078,18.258,18.078,18.189,65736,0
27-05-2011,17.981,17.981,17.827,17.856,147417,0
31-05-2011,17.862,17.93,17.642,17.708,144946,0
01-06-2011,17.708,17.819,17.708,17.744,103167,0
02-06-2011,17.708,17.783,17.685,17.708,83109,0
03-06-2011,17.708,17.811,17.612,17.767,72482,0
06-06-2011,17.723,17.843,17.679,17.744,48111,0
07-06-2011,17.835,17.835,17.731,17.753,65041,0
08-06-2011,17.805,17.805,17.462,17.498,93393,0
09-06-2011,17.404,17.462,17.262,17.404,140127,0
10-06-2011,17.375,17.53,17.36,17.471,65790,0
13-06-2011,17.523,17.59,17.492,17.558,102556,0
14-06-2011,17.552,17.693,17.552,17.664,112268,0
15-06-2011,17.634,17.856,17.634,17.708,191694,0
16-06-2011,17.612,17.738,17.077,17.144,244486,0
17-06-2011,17.276,17.42,17.183,17.262,63864,0
20-06-2011,17.197,17.203,16.901,16.92,94180,0
21-06-2011,16.892,17.149,16.885,17.084,191658,0
22-06-2011,17.107,17.256,17.077,17.21,110639,0
23-06-2011,17.144,17.308,17.025,17.248,116386,0
24-06-2011,17.226,17.276,17.077,17.137,68228,0
27-06-2011,17.115,17.183,17.018,17.047,81425,0
28-06-2011,17.077,17.36,17.077,17.336,49949,0
29-06-2011,17.344,17.389,17.27,17.294,178576,0
30-06-2011,17.27,17.618,17.27,17.53,91555,0
01-07-2011,17.492,17.627,17.457,17.498,54542,0
05-07-2011,17.498,17.634,17.498,17.634,86958,0
06-07-2011,17.567,17.716,17.488,17.716,62844,0
07-07-2011,17.679,17.716,17.65,17.679,52459,0
08-07-2011,17.582,17.783,17.582,17.767,41533,0
11-07-2011,17.702,17.744,17.567,17.656,81401,0
12-07-2011,17.558,17.634,17.411,17.439,76925,0
13-07-2011,17.396,17.517,17.396,17.439,70263,0
14-07-2011,17.447,17.447,17.197,17.226,90000,0
15-07-2011,17.226,17.42,17.137,17.42,60659,0
18-07-2011,17.294,17.3,17.137,17.137,68391,0
19-07-2011,17.137,17.248,16.913,17.218,128760,0
20-07-2011,17.294,17.294,17.071,17.256,65516,0
21-07-2011,17.315,17.471,17.248,17.27,192800,0
22-07-2011,17.308,17.389,17.174,17.203,42628,0
25-07-2011,17.174,17.183,16.901,16.901,55504,0
26-07-2011,16.966,17.329,16.966,17.077,81621,0
27-07-2011,16.966,17.084,16.818,16.877,69389,0
28-07-2011,16.81,16.913,16.737,16.781,55476,0
29-07-2011,16.788,16.788,16.388,16.627,85188,0
01-08-2011,16.737,16.966,16.737,16.818,75308,0
02-08-2011,16.757,16.927,16.757,16.832,64521,0
03-08-2011,16.781,16.877,16.737,16.832,85316,0
04-08-2011,16.773,16.796,15.526,15.829,176240,0
05-08-2011,15.771,15.771,13.654,15.013,365791,0
08-08-2011,14.099,14.099,11.51,12.586,516026,0
09-08-2011,12.628,14.442,12.569,14.352,377993,0
10-08-2011,13.959,14.099,12.861,13.269,251407,0
11-08-2011,12.978,14.293,12.861,14.242,220191,0
12-08-2011,14.123,15.162,14.123,15.139,160004,0
15-08-2011,15.421,16.127,15.421,16.039,98992,0
16-08-2011,15.927,16.075,15.66,15.779,90228,0
17-08-2011,15.829,16.075,15.673,15.859,62769,0
18-08-2011,15.519,15.519,14.946,15.036,77029,0
19-08-2011,15.057,15.315,14.7,15.205,112663,0
22-08-2011,15.614,15.614,14.596,14.681,82189,0
23-08-2011,14.924,14.963,14.462,14.924,93589,0
24-08-2011,14.776,15.308,14.776,15.19,74434,0
25-08-2011,15.242,15.474,15.223,15.427,99535,0
26-08-2011,15.302,15.785,15.302,15.688,74066,0
29-08-2011,15.927,16.253,15.867,16.171,71720,0
30-08-2011,16,16.171,15.837,16.127,57699,0
31-08-2011,16.097,16.408,15.964,15.992,114604,0
01-09-2011,16.119,16.119,15.526,15.652,153470,0
02-09-2011,15.25,15.652,15.103,15.384,58074,0
06-09-2011,15.145,15.57,14.857,15.481,111207,0
07-09-2011,15.732,15.867,15.592,15.696,123441,0
08-09-2011,15.696,15.808,15.256,15.401,200705,0
09-09-2011,15.409,15.416,14.991,15.324,115636,0
12-09-2011,15.065,15.171,14.293,14.442,106120,0
13-09-2011,14.479,14.588,14.233,14.277,89038,0
14-09-2011,14.277,14.462,14.106,14.337,69465,0
15-09-2011,14.7,14.752,14.462,14.536,96116,0
16-09-2011,14.687,14.7,14.397,14.428,67672,0
19-09-2011,14.309,14.33,14.145,14.242,72956,0
20-09-2011,14.198,14.344,13.959,13.959,82133,0
21-09-2011,14.071,14.293,13.959,14.158,85371,0
22-09-2011,13.885,14.071,13.609,13.878,116220,0
23-09-2011,13.907,14.106,13.46,13.965,75207,0
26-09-2011,14.158,14.158,13.728,14.039,76524,0
27-09-2011,14.368,14.946,14.25,14.479,324836,0
28-09-2011,14.568,14.568,14.242,14.317,53996,0
29-09-2011,14.649,14.649,14.064,14.145,168423,0
30-09-2011,13.951,14.494,13.914,14.411,111028,0
03-10-2011,14.368,14.434,13.252,13.365,139481,0
04-10-2011,13.261,13.261,12.162,12.586,489836,0
05-10-2011,12.697,13.433,12.586,13.335,149231,0
06-10-2011,13.468,14.323,13.365,14.323,87318,0
07-10-2011,14.471,14.613,14.158,14.568,95248,0
10-10-2011,14.664,15.013,14.502,14.621,119942,0
11-10-2011,14.621,14.792,14.434,14.708,60514,0
12-10-2011,14.998,15.205,14.851,15.073,71711,0
13-10-2011,15.043,15.043,14.656,14.716,75121,0
14-10-2011,14.991,15.028,14.509,14.7,69400,0
17-10-2011,14.731,14.865,14.634,14.752,68286,0
18-10-2011,14.553,15.155,14.536,15.036,79874,0
19-10-2011,15.111,15.162,14.969,15.036,73145,0
20-10-2011,14.998,15.155,14.479,14.741,121498,0
21-10-2011,15.073,15.073,14.818,15.005,61458,0
24-10-2011,15.117,15.333,15.073,15.324,51391,0
25-10-2011,15.333,15.342,15.177,15.242,81714,0
26-10-2011,15.362,15.614,15.282,15.586,104555,0
27-10-2011,16.111,16.239,15.852,16.075,147127,0
28-10-2011,16.075,16.223,15.947,16.148,95633,0
31-10-2011,16.067,16.067,15.755,15.852,55587,0
01-11-2011,15.231,15.541,15.028,15.162,75741,0
02-11-2011,15.19,15.68,15.19,15.356,97780,0
03-11-2011,15.562,15.586,15.362,15.416,59362,0
04-11-2011,15.467,15.614,15.374,15.533,46636,0
07-11-2011,15.577,15.727,15.467,15.495,57933,0
08-11-2011,15.502,15.586,15.374,15.409,77179,0
09-11-2011,15.087,15.19,14.916,14.963,82728,0
10-11-2011,15.028,15.139,14.826,14.91,82758,0
11-11-2011,15.117,15.467,15.073,15.467,50208,0
14-11-2011,15.416,15.467,15.171,15.282,52969,0
15-11-2011,15.117,15.315,15.117,15.25,51060,0
16-11-2011,15.199,15.223,15.005,15.005,65857,0
17-11-2011,14.963,15.057,14.826,14.886,109770,0
18-11-2011,14.963,15.079,14.818,14.924,61769,0
21-11-2011,14.731,14.851,14.479,14.799,57691,0
22-11-2011,14.664,14.812,14.649,14.672,40981,0
23-11-2011,14.382,14.582,14.012,14.516,71094,0
25-11-2011,14.375,14.783,14.375,14.741,19649,0
28-11-2011,14.963,15.273,14.903,15.125,140505,0
29-11-2011,14.768,14.865,14.628,14.672,46390,0
30-11-2011,15.177,15.177,14.687,14.7,60056,0
01-12-2011,14.575,14.792,14.368,14.419,32287,0
02-12-2011,14.479,14.681,14.39,14.397,40810,0
05-12-2011,14.568,14.792,14.456,14.792,77335,0
06-12-2011,14.681,15.073,14.681,14.932,93967,0
07-12-2011,14.857,15.073,14.857,15.057,308542,0
08-12-2011,14.963,14.976,14.818,14.843,32746,0
09-12-2011,14.916,15.028,14.818,15.019,45380,0
12-12-2011,14.932,14.932,14.649,14.681,49838,0
13-12-2011,14.747,15.013,14.588,14.818,114379,0
14-12-2011,14.716,14.851,14.575,14.843,69774,0
15-12-2011,15.051,15.051,14.462,14.708,109311,0
16-12-2011,14.851,14.851,14.494,14.502,90738,0
19-12-2011,14.641,14.641,14.293,14.53,63019,0
20-12-2011,14.553,14.664,14.352,14.485,129288,0
21-12-2011,14.397,14.494,14.317,14.456,88872,0
22-12-2011,14.456,14.656,14.352,14.456,120752,0
23-12-2011,14.553,14.553,14.257,14.403,59381,0
27-12-2011,14.317,14.352,14.078,14.091,76928,0
28-12-2011,14.078,14.099,13.752,13.959,64254,0
29-12-2011,14.032,14.33,13.892,14.264,106514,0
30-12-2011,14.368,14.485,14.132,14.456,78600,0
03-01-2012,14.536,14.641,14.45,14.45,42746,0
04-01-2012,14.39,14.836,14.39,14.752,404177,0
05-01-2012,14.621,15.29,14.545,15.223,125135,0
06-01-2012,15.199,15.467,15.199,15.467,99145,0
09-01-2012,15.562,15.562,15.452,15.474,133594,0
10-01-2012,15.511,15.68,15.356,15.374,135933,0
11-01-2012,15.25,15.401,15.171,15.213,81032,0
12-01-2012,15.324,15.577,15.29,15.541,85355,0
13-01-2012,15.474,15.896,15.374,15.837,188390,0
17-01-2012,16,16.105,15.918,16.023,91606,0
18-01-2012,16.075,16.298,16.023,16.216,72940,0
19-01-2012,16.298,16.468,16.059,16.075,332942,0
20-01-2012,16.201,16.342,16.067,16.142,101072,0
23-01-2012,16.223,16.379,15.888,15.918,514487,0
24-01-2012,15.896,16.075,15.808,15.964,315433,0
25-01-2012,15.964,16.142,15.792,16,394116,0
26-01-2012,16.039,16.209,16.039,16.075,141288,0
27-01-2012,16.171,16.298,16.148,16.239,94179,0
30-01-2012,16.179,16.223,15.942,15.964,198784,0
31-01-2012,16.105,16.135,15.942,16.045,384641,0
01-02-2012,16.179,16.253,16.127,16.223,139310,0
02-02-2012,16.29,16.335,15.888,16.223,894529,0
03-02-2012,16.371,16.58,16.335,16.483,188977,0
06-02-2012,16.483,16.594,16.424,16.521,155881,0
07-02-2012,16.305,16.631,16.305,16.49,99481,0
08-02-2012,16.61,16.706,16.49,16.55,549603,0
09-02-2012,16.618,16.618,16.431,16.507,160039,0
10-02-2012,16.533,16.601,16.223,16.223,113682,0
13-02-2012,16.388,16.58,16.298,16.483,143065,0
14-02-2012,16.521,16.533,16.364,16.371,173534,0
15-02-2012,16.559,16.566,16.431,16.455,231109,0
16-02-2012,16.483,16.499,16.401,16.455,171924,0
17-02-2012,16.58,16.601,16.431,16.448,126951,0
21-02-2012,16.586,16.728,16.521,16.631,133181,0
22-02-2012,16.631,16.743,16.58,16.668,155843,0
23-02-2012,16.757,16.892,16.601,16.668,546933,0
24-02-2012,16.788,16.832,16.668,16.72,320512,0
27-02-2012,16.764,16.781,16.706,16.706,234614,0
28-02-2012,16.521,16.627,16.455,16.559,348446,0
29-02-2012,16.627,16.847,16.574,16.773,478399,0
01-03-2012,16.87,16.885,16.631,16.764,383289,0
02-03-2012,16.781,17.005,16.697,16.945,400128,0
05-03-2012,16.937,17.038,16.842,16.973,224704,0
06-03-2012,16.92,16.92,16.335,16.832,710941,0
07-03-2012,16.877,17.031,16.847,16.973,258877,0
08-03-2012,17.018,17.167,16.996,17.144,285507,0
09-03-2012,17.203,17.322,17.144,17.27,133557,0
12-03-2012,17.352,17.507,17.262,17.427,164435,0
13-03-2012,17.53,17.598,17.308,17.404,485530,0
14-03-2012,17.457,17.498,17.315,17.433,328837,0
15-03-2012,17.546,17.574,17.336,17.492,211564,0
16-03-2012,17.558,17.65,17.507,17.539,403354,0
19-03-2012,17.582,17.702,17.517,17.627,269639,0
20-03-2012,17.618,17.627,17.36,17.552,269093,0
21-03-2012,17.598,17.656,17.471,17.65,432003,0
22-03-2012,17.507,17.65,17.488,17.612,349116,0
23-03-2012,17.642,17.783,17.59,17.783,241633,0
26-03-2012,17.783,17.921,17.759,17.851,244932,0
27-03-2012,17.888,18.034,17.777,18.007,402483,0
28-03-2012,17.981,18.034,17.93,18.034,227712,0
29-03-2012,17.948,18.019,17.909,18.007,185969,0
30-03-2012,18.027,18.119,17.888,17.894,227686,0
02-04-2012,17.871,18.007,17.797,17.974,275063,0
03-04-2012,17.968,18.125,17.939,18.059,257827,0
04-04-2012,18.014,18.05,17.909,17.948,312233,0
05-04-2012,17.921,17.962,17.862,17.909,486387,0
09-04-2012,17.805,17.856,17.634,17.797,113124,0
10-04-2012,17.767,17.851,17.462,17.498,214235,0
11-04-2012,18.206,18.281,17.517,17.523,133108,0
12-04-2012,17.488,17.574,17.488,17.574,263776,0
13-04-2012,17.618,17.618,17.488,17.488,93268,0
16-04-2012,17.558,17.59,17.507,17.558,260927,0
17-04-2012,17.618,17.716,17.582,17.627,126134,0
18-04-2012,17.634,17.65,17.42,17.427,230090,0
19-04-2012,17.462,17.546,17.433,17.479,150761,0
20-04-2012,17.507,17.517,17.315,17.322,207153,0
23-04-2012,17.276,17.276,17.031,17.188,222374,0
24-04-2012,17.188,17.427,17.188,17.367,97315,0
25-04-2012,17.404,17.523,17.375,17.404,115763,0
26-04-2012,17.336,17.367,17.234,17.256,153941,0
27-04-2012,17.248,17.433,17.248,17.381,129903,0
30-04-2012,17.322,17.558,17.322,17.523,170943,0
01-05-2012,17.558,17.642,17.439,17.488,105966,0
02-05-2012,17.352,17.558,17.352,17.404,171890,0
03-05-2012,17.404,17.679,17.404,17.671,181998,0
04-05-2012,17.612,17.797,17.612,17.753,198698,0
07-05-2012,17.693,17.921,17.679,17.851,168708,0
08-05-2012,17.851,17.894,17.723,17.851,401372,0
09-05-2012,17.708,17.827,17.679,17.791,568193,0
10-05-2012,17.871,17.93,17.805,17.903,121765,0
11-05-2012,17.827,18.059,17.827,17.871,471071,0
14-05-2012,17.759,17.835,17.679,17.723,374881,0
15-05-2012,17.679,17.744,17.558,17.618,537341,0
16-05-2012,17.685,17.685,17.336,17.336,406276,0
17-05-2012,17.276,17.276,16.401,16.438,292823,0
18-05-2012,16.586,16.586,15.467,15.57,330676,0
21-05-2012,15.57,16.586,15.57,16.415,193049,0
22-05-2012,16.521,17.107,16.514,16.87,168679,0
23-05-2012,16.737,16.979,16.542,16.959,295092,0
24-05-2012,17.005,17.367,16.907,17.36,173023,0
25-05-2012,17.352,17.574,17.27,17.492,104477,0
29-05-2012,17.708,17.744,17.539,17.716,346192,0
30-05-2012,17.262,17.367,16.973,17.038,200070,0
31-05-2012,17.149,17.174,16.668,16.824,176456,0
01-06-2012,16.483,16.757,16.483,16.631,75848,0
04-06-2012,16.75,16.75,16.507,16.706,296571,0
05-06-2012,16.75,17.071,16.75,16.959,274886,0
06-06-2012,17.13,17.329,17.047,17.21,199191,0
07-06-2012,17.322,17.457,17.13,17.144,107760,0
08-06-2012,17.21,17.218,17.031,17.188,263128,0
11-06-2012,17.089,17.089,16.342,16.388,327905,0
12-06-2012,16.483,16.728,16.075,16.668,720448,0
13-06-2012,16.61,16.764,16.507,16.627,223118,0
14-06-2012,16.678,16.764,16.455,16.627,170087,0
15-06-2012,16.668,16.907,16.542,16.847,189938,0
18-06-2012,16.854,17.025,16.743,17.011,214923,0
19-06-2012,17.115,17.188,17.005,17.174,175648,0
20-06-2012,17.256,17.352,17.122,17.336,215754,0
21-06-2012,17.411,17.546,17.262,17.42,170834,0
22-06-2012,17.498,17.634,17.36,17.567,230682,0
25-06-2012,17.375,17.523,17.375,17.498,156625,0
26-06-2012,17.567,17.738,17.479,17.708,111079,0
27-06-2012,17.759,17.879,17.679,17.811,169177,0
28-06-2012,17.723,17.954,17.708,17.93,150147,0
29-06-2012,18.027,18.137,17.856,18.137,270267,0
02-07-2012,18.125,18.182,18.034,18.177,136822,0
03-07-2012,18.102,18.3,18.102,18.3,188463,0
05-07-2012,18.214,18.318,18.086,18.177,273330,0
06-07-2012,18.119,18.177,18.027,18.11,239141,0
09-07-2012,18.11,18.3,18.072,18.274,311825,0
10-07-2012,18.229,18.369,18.027,18.078,480426,0
11-07-2012,18.059,18.222,17.948,18.177,264766,0
12-07-2012,18.102,18.326,18.041,18.326,137511,0
13-07-2012,18.333,18.464,18.326,18.412,213733,0
16-07-2012,18.412,18.556,18.393,18.524,124717,0
17-07-2012,18.488,18.564,18.429,18.564,125137,0
18-07-2012,18.539,18.689,18.504,18.667,216403,0
19-07-2012,18.673,18.77,18.667,18.74,157447,0
20-07-2012,18.703,18.851,18.673,18.822,174394,0
23-07-2012,18.74,18.749,18.547,18.556,207141,0
24-07-2012,18.59,18.608,18.437,18.524,209235,0
25-07-2012,18.524,18.65,18.504,18.636,136863,0
26-07-2012,18.65,18.689,18.584,18.673,241559,0
27-07-2012,18.623,18.749,18.616,18.74,114793,0
30-07-2012,18.734,18.882,18.703,18.8,100749,0
31-07-2012,18.86,18.867,18.599,18.599,159699,0
01-08-2012,18.695,18.74,18.584,18.673,59244,0
02-08-2012,18.673,18.77,18.667,18.77,61406,0
03-08-2012,18.785,18.896,18.778,18.822,101745,0
06-08-2012,18.911,18.933,18.785,18.896,210799,0
07-08-2012,18.86,18.911,18.822,18.873,90541,0
08-08-2012,18.867,18.92,18.851,18.86,89286,0
09-08-2012,18.896,18.962,18.873,18.948,76465,0
10-08-2012,18.962,19.03,18.896,18.971,83756,0
13-08-2012,18.993,19.007,18.564,18.896,101127,0
14-08-2012,18.993,18.993,18.902,18.902,82370,0
15-08-2012,18.896,18.954,18.785,18.92,273191,0
16-08-2012,18.971,18.971,18.889,18.928,103156,0
17-08-2012,18.933,18.948,18.882,18.933,138290,0
20-08-2012,18.962,18.971,18.889,18.896,77814,0
21-08-2012,18.948,18.971,18.902,18.902,61748,0
22-08-2012,18.902,18.942,18.889,18.933,94612,0
23-08-2012,18.933,18.999,18.902,18.948,78405,0
24-08-2012,18.933,18.954,18.928,18.928,145698,0
27-08-2012,18.933,18.993,18.902,18.979,86930,0
28-08-2012,18.979,19.047,18.954,19.038,99482,0
29-08-2012,18.785,18.83,18.703,18.718,204119,0
30-08-2012,18.71,18.785,18.636,18.636,172865,0
31-08-2012,18.659,18.71,18.511,18.547,118357,0
04-09-2012,18.616,18.703,18.599,18.695,70099,0
05-09-2012,18.695,18.71,18.608,18.667,84380,0
06-09-2012,18.71,18.822,18.659,18.689,169912,0
07-09-2012,18.682,18.749,18.682,18.749,76393,0
10-09-2012,18.71,18.844,18.682,18.844,93906,0
11-09-2012,18.793,18.948,18.793,18.882,82191,0
12-09-2012,18.902,18.993,18.896,18.993,74835,0
13-09-2012,18.993,19.074,18.993,19.053,100828,0
14-09-2012,19.067,19.119,18.954,19.007,83455,0
17-09-2012,19.047,19.047,18.896,18.902,87276,0
18-09-2012,18.948,18.993,18.8,18.822,93066,0
19-09-2012,18.92,18.928,18.673,18.749,107834,0
20-09-2012,18.763,18.77,18.623,18.659,160511,0
21-09-2012,18.659,18.726,18.564,18.564,136812,0
24-09-2012,18.577,18.659,18.385,18.385,152740,0
25-09-2012,18.471,18.667,18.437,18.584,131332,0
26-09-2012,18.471,18.689,18.464,18.667,100952,0
27-09-2012,18.71,18.793,18.673,18.755,94016,0
28-09-2012,18.763,18.822,18.695,18.763,75116,0
01-10-2012,18.623,19.047,18.623,19.047,127142,0
02-10-2012,18.962,19.007,18.933,18.979,72578,0
03-10-2012,18.971,18.999,18.902,18.987,92224,0
04-10-2012,19.03,19.082,18.962,19.082,52943,0
05-10-2012,19.053,19.119,19.007,19.074,50382,0
08-10-2012,19.111,19.141,19.038,19.134,79845,0
09-10-2012,19.141,19.239,19.03,19.222,72756,0
10-10-2012,19.289,19.289,18.999,19.209,59964,0
11-10-2012,19.157,19.267,19.119,19.239,67119,0
12-10-2012,19.26,19.334,19.239,19.298,46319,0
15-10-2012,19.239,19.267,19.171,19.209,72890,0
16-10-2012,19.239,19.289,19.201,19.283,81738,0
17-10-2012,19.171,19.416,19.171,19.372,60384,0
18-10-2012,19.283,19.334,19.209,19.298,109338,0
19-10-2012,19.23,19.267,18.822,18.822,186285,0
22-10-2012,19.082,19.201,19.058,19.082,67020,0
23-10-2012,19.067,19.082,18.954,19.074,84691,0
24-10-2012,19.111,19.111,18.993,19.053,59747,0
25-10-2012,19.074,19.119,18.987,19.015,70708,0
26-10-2012,19.015,19.119,19.007,19.09,84743,0
31-10-2012,19.03,19.216,19.03,19.209,79141,0
01-11-2012,19.141,19.252,19.141,19.201,60859,0
02-11-2012,19.23,19.289,19.192,19.283,51736,0
05-11-2012,19.275,19.372,19.267,19.319,54001,0
06-11-2012,19.356,19.366,19.239,19.246,71042,0
07-11-2012,19.23,19.246,19.15,19.157,78542,0
08-11-2012,19.216,19.239,19.082,19.111,54271,0
09-11-2012,19.134,19.171,19.058,19.074,52246,0
12-11-2012,19.126,19.216,19.053,19.141,58262,0
13-11-2012,19.134,19.15,19.09,19.09,58640,0
14-11-2012,19.058,19.082,18.793,18.808,95770,0
15-11-2012,18.689,18.83,18.471,18.636,149543,0
16-11-2012,18.599,18.928,18.599,18.822,166066,0
19-11-2012,18.92,18.962,18.793,18.942,102287,0
20-11-2012,18.962,19.111,18.889,18.999,125706,0
21-11-2012,19.047,19.105,18.933,18.987,48901,0
23-11-2012,18.942,19.047,18.942,19.047,50494,0
26-11-2012,19.015,19.058,18.942,19.047,49810,0
27-11-2012,19.058,19.209,19.047,19.09,95353,0
28-11-2012,18.749,18.889,18.749,18.8,53562,0
29-11-2012,18.86,18.889,18.8,18.822,64856,0
30-11-2012,18.873,18.933,18.844,18.86,73432,0
03-12-2012,18.902,18.902,18.785,18.808,134103,0
04-12-2012,18.86,18.867,18.755,18.755,88181,0
05-12-2012,18.902,18.902,18.608,18.659,101084,0
06-12-2012,18.703,18.749,18.643,18.673,221696,0
07-12-2012,18.667,18.695,18.636,18.667,65561,0
10-12-2012,18.793,18.793,18.636,18.659,55177,0
11-12-2012,18.703,18.749,18.667,18.667,82350,0
12-12-2012,18.659,18.71,18.636,18.682,128989,0
13-12-2012,18.703,18.71,18.65,18.673,43211,0
14-12-2012,18.734,18.74,18.667,18.695,105618,0
17-12-2012,18.703,18.763,18.682,18.749,89299,0
18-12-2012,18.749,18.778,18.636,18.755,74103,0
19-12-2012,18.8,18.8,18.689,18.755,105313,0
20-12-2012,18.749,18.851,18.726,18.844,73543,0
21-12-2012,18.74,18.835,18.74,18.77,75199,0
24-12-2012,18.8,18.8,18.71,18.749,56303,0
26-12-2012,18.851,18.851,18.734,18.785,57068,0
27-12-2012,18.74,18.785,18.689,18.778,63544,0
28-12-2012,18.844,18.844,18.71,18.755,46164,0
31-12-2012,18.844,18.844,18.673,18.682,77433,0
02-01-2013,18.979,18.979,18.778,18.815,72152,0
03-01-2013,18.8,18.979,18.8,18.979,83319,0
04-01-2013,18.979,19.246,18.948,19.23,64660,0
07-01-2013,19.157,19.267,19.157,19.23,86434,0
08-01-2013,19.267,19.366,19.185,19.23,185940,0
09-01-2013,19.246,19.334,19.209,19.26,153306,0
10-01-2013,19.312,19.319,19.23,19.298,70246,0
11-01-2013,19.246,19.334,19.209,19.222,86868,0
14-01-2013,19.23,19.305,19.192,19.298,51104,0
15-01-2013,19.312,19.326,19.23,19.312,62862,0
16-01-2013,19.26,19.366,19.26,19.366,71470,0
17-01-2013,19.366,19.425,19.326,19.425,97307,0
18-01-2013,19.425,19.578,19.319,19.578,100676,0
22-01-2013,19.483,19.735,19.476,19.676,99299,0
23-01-2013,19.617,19.714,19.52,19.558,84445,0
24-01-2013,19.638,19.663,19.603,19.624,56733,0
25-01-2013,19.638,19.676,19.578,19.645,86965,0
28-01-2013,19.586,19.645,19.586,19.603,72241,0
29-01-2013,19.603,19.638,19.52,19.543,104100,0
30-01-2013,19.564,19.624,19.527,19.558,86876,0
31-01-2013,19.527,19.558,19.425,19.445,82100,0
01-02-2013,19.461,19.564,19.452,19.476,90204,0
04-02-2013,19.438,19.483,19.378,19.432,77305,0
05-02-2013,19.416,19.527,19.408,19.452,87507,0
06-02-2013,19.432,19.468,19.402,19.416,70762,0
07-02-2013,19.416,19.498,19.416,19.461,61276,0
08-02-2013,19.432,19.491,19.432,19.468,57359,0
11-02-2013,19.438,19.483,19.416,19.438,41974,0
12-02-2013,19.438,19.67,19.438,19.603,109838,0
13-02-2013,19.645,19.654,19.461,19.564,94711,0
14-02-2013,19.52,19.603,19.52,19.586,60956,0
15-02-2013,19.603,19.638,19.535,19.638,57891,0
19-02-2013,19.595,19.663,19.595,19.617,40685,0
20-02-2013,19.61,19.676,19.603,19.63,52032,0
21-02-2013,19.654,19.676,19.603,19.67,73180,0
22-02-2013,19.63,19.808,19.63,19.682,82883,0
25-02-2013,19.69,19.796,19.69,19.773,76347,0
26-02-2013,19.723,19.974,19.714,19.936,64199,0
27-02-2013,19.947,19.979,19.863,19.871,105508,0
28-02-2013,19.871,19.962,19.857,19.857,61616,0
01-03-2013,19.835,19.925,19.835,19.91,42882,0
04-03-2013,19.902,20.044,19.902,19.979,93327,0
05-03-2013,19.979,20.113,19.979,20.044,75125,0
06-03-2013,20.022,20.044,19.991,20.007,71512,0
07-03-2013,19.97,20.067,19.97,20.06,50833,0
08-03-2013,20.031,20.098,19.894,20.007,48453,0
11-03-2013,19.991,20.031,19.932,20.007,30880,0
12-03-2013,20.126,20.126,20.007,20.06,28096,0
13-03-2013,20.007,20.06,20,20.015,52133,0
14-03-2013,19.991,20.09,19.985,20.09,64927,0
15-03-2013,20.142,20.15,20.031,20.113,55029,0
18-03-2013,19.991,20.075,19.991,20.067,50099,0
19-03-2013,20.174,20.174,20.098,20.142,39897,0
20-03-2013,20.105,20.15,19.991,20.06,58637,0
21-03-2013,20.007,20.15,20.007,20.113,64239,0
22-03-2013,20.075,20.15,20.075,20.126,68791,0
25-03-2013,20.197,20.197,20.075,20.098,49565,0
26-03-2013,20.075,20.12,20.044,20.083,60158,0
27-03-2013,20.053,20.06,19.826,19.902,182179,0
28-03-2013,19.857,19.947,19.841,19.885,239698,0
01-04-2013,19.885,19.885,19.826,19.871,59942,0
02-04-2013,19.871,19.939,19.819,19.871,72697,0
03-04-2013,19.939,19.954,19.835,19.835,56849,0
04-04-2013,19.841,19.894,19.79,19.857,41016,0
05-04-2013,19.79,19.894,19.79,19.863,22647,0
08-04-2013,19.871,19.871,19.811,19.826,40341,0
09-04-2013,19.797,19.857,19.79,19.835,57544,0
10-04-2013,19.802,19.857,19.79,19.79,42237,0
11-04-2013,19.79,19.835,19.723,19.75,61117,0
12-04-2013,19.742,19.811,19.736,19.811,36305,0
15-04-2013,19.758,19.885,19.75,19.88,72497,0
16-04-2013,19.902,19.939,19.79,19.863,80192,0
17-04-2013,19.863,19.885,19.826,19.885,42947,0
18-04-2013,19.851,19.939,19.841,19.932,40379,0
19-04-2013,19.979,20.022,19.758,19.758,125320,0
22-04-2013,19.885,19.97,19.79,19.811,84937,0
23-04-2013,19.541,19.851,19.239,19.73,142881,0
24-04-2013,19.75,19.863,19.714,19.819,165878,0
25-04-2013,19.781,19.902,19.781,19.863,38139,0
26-04-2013,19.835,19.88,19.826,19.857,28909,0
29-04-2013,19.841,20.067,19.841,20.053,45585,0
30-04-2013,20,20.159,20,20.105,41352,0
01-05-2013,20.031,20.15,20,20.105,33527,0
02-05-2013,20.044,20.263,20.044,20.174,74052,0
03-05-2013,20.22,20.271,20.187,20.227,24925,0
06-05-2013,20.181,20.248,20.167,20.203,50526,0
07-05-2013,20.167,20.301,20.15,20.301,202137,0
08-05-2013,20.22,20.324,20.126,20.308,149219,0
09-05-2013,20.263,20.308,20.197,20.28,62561,0
10-05-2013,20.301,20.301,20.167,20.21,52505,0
13-05-2013,20.234,20.28,20.187,20.203,81877,0
14-05-2013,20.203,20.248,20.09,20.159,65318,0
15-05-2013,20.12,20.181,20.031,20.126,169686,0
16-05-2013,20.09,20.098,20.015,20.098,121556,0
17-05-2013,20.022,20.15,20.022,20.12,39806,0
20-05-2013,20.142,20.167,20.015,20.126,169381,0
21-05-2013,20.075,20.167,20.015,20.142,95528,0
22-05-2013,20.105,20.22,20.105,20.167,67472,0
23-05-2013,20.105,20.136,20.007,20.136,63193,0
24-05-2013,20.083,20.22,20.015,20.22,50101,0
28-05-2013,20.22,20.28,20.203,20.21,59718,0
29-05-2013,20.206,20.299,20.046,20.122,88619,0
30-05-2013,20.169,20.245,20.054,20.153,67693,0
31-05-2013,20.139,20.183,19.931,19.979,76638,0
03-06-2013,19.917,19.986,19.405,19.441,101130,0
04-06-2013,19.441,19.51,19.174,19.273,141944,0
05-06-2013,19.264,19.296,19.174,19.174,79996,0
06-06-2013,19.243,19.243,18.991,19.136,88232,0
07-06-2013,19.106,19.288,19.106,19.174,49393,0
10-06-2013,19.189,19.205,19.091,19.182,80332,0
11-06-2013,19.128,19.182,18.624,18.638,190776,0
12-06-2013,18.752,19.128,18.086,18.37,540117,0
13-06-2013,18.37,18.936,17.934,18.929,222758,0
14-06-2013,18.936,19.288,18.898,19.288,102791,0
17-06-2013,19.349,19.533,19.296,19.441,122402,0
18-06-2013,19.311,19.557,19.296,19.495,60436,0
19-06-2013,19.824,19.824,19.227,19.264,109839,0
20-06-2013,19.02,19.174,18.713,18.905,226640,0
21-06-2013,18.976,19.405,18.768,19.281,243452,0
24-06-2013,18.997,18.997,18.624,18.821,236468,0
25-06-2013,18.83,18.884,18.37,18.577,209465,0
26-06-2013,18.644,18.936,18.624,18.83,100238,0
27-06-2013,18.836,19.25,18.814,19.106,68878,0
28-06-2013,19.394,19.427,19.199,19.208,100976,0
01-07-2013,18.922,18.983,18.287,18.287,83828,0
02-07-2013,18.83,18.905,18.685,18.783,172682,0
03-07-2013,18.752,18.884,18.699,18.775,92176,0
05-07-2013,18.745,18.83,18.6,18.752,193577,0
08-07-2013,18.775,18.83,18.537,18.652,313043,0
09-07-2013,18.775,18.783,18.624,18.638,111748,0
10-07-2013,18.791,18.791,18.608,18.76,143781,0
11-07-2013,19.058,19.058,18.869,19.036,154766,0
12-07-2013,19.106,19.119,18.914,18.959,150378,0
15-07-2013,19.02,19.174,18.929,19.091,104895,0
16-07-2013,19.028,19.174,19.028,19.128,109176,0
17-07-2013,19.128,19.305,19.073,19.106,88566,0
18-07-2013,19.106,19.243,19.02,19.028,121671,0
19-07-2013,18.991,19.082,18.905,18.905,215783,0
22-07-2013,18.991,19.106,18.929,18.951,72555,0
23-07-2013,19.02,19.128,18.936,19.045,86750,0
24-07-2013,19.02,19.045,18.914,18.951,65718,0
25-07-2013,18.922,18.991,18.836,18.898,100929,0
26-07-2013,18.898,18.983,18.844,18.929,69207,0
29-07-2013,18.869,18.922,18.752,18.768,63750,0
30-07-2013,18.791,18.836,18.752,18.752,103941,0
31-07-2013,18.752,18.905,18.723,18.874,201639,0
01-08-2013,18.884,18.884,18.752,18.752,97460,0
02-08-2013,18.775,18.869,18.73,18.821,116757,0
05-08-2013,18.929,18.951,18.707,18.745,479250,0
06-08-2013,18.699,18.807,18.691,18.752,76973,0
07-08-2013,18.752,18.76,18.661,18.691,94475,0
08-08-2013,18.699,18.745,18.564,18.584,103049,0
09-08-2013,18.529,18.768,18.529,18.73,143012,0
12-08-2013,18.738,18.745,18.6,18.661,140614,0
13-08-2013,18.677,18.699,18.537,18.652,116648,0
14-08-2013,18.529,18.6,18.423,18.546,113124,0
15-08-2013,18.484,18.503,18.239,18.298,294873,0
16-08-2013,18.239,18.272,17.59,17.681,219713,0
19-08-2013,17.605,17.666,17.26,17.314,159202,0
20-08-2013,17.344,17.774,17.298,17.598,188496,0
21-08-2013,17.598,17.896,17.484,17.574,181144,0
22-08-2013,17.55,17.971,17.55,17.827,203353,0
23-08-2013,17.803,17.986,17.796,17.934,152392,0
26-08-2013,18.163,18.279,18.011,18.025,101327,0
27-08-2013,17.986,18.163,17.475,17.924,165026,0
28-08-2013,18.016,18.172,17.892,18.038,113969,0
29-08-2013,17.983,18.085,17.914,17.974,631196,0
30-08-2013,17.993,18.101,17.929,17.983,99185,0
03-09-2013,18.274,18.274,18.009,18.031,195608,0
04-09-2013,18.038,18.148,17.993,18.046,115940,0
05-09-2013,18.046,18.046,17.728,17.75,106767,0
06-09-2013,17.829,17.907,17.68,17.68,112005,0
09-09-2013,17.704,17.775,17.642,17.728,94694,0
10-09-2013,18.248,18.248,17.555,17.61,178718,0
11-09-2013,17.603,17.642,17.5,17.61,163314,0
12-09-2013,17.617,17.821,16.862,17.617,151280,0
13-09-2013,17.596,17.68,17.525,17.573,114174,0
16-09-2013,17.805,17.805,17.417,17.471,148679,0
17-09-2013,17.543,17.555,17.446,17.555,116956,0
18-09-2013,17.58,17.812,17.417,17.812,234789,0
19-09-2013,17.837,17.929,17.736,17.775,160524,0
20-09-2013,17.743,17.866,17.642,17.866,199751,0
23-09-2013,17.837,17.866,17.665,17.712,98935,0
24-09-2013,17.704,17.829,17.68,17.758,59130,0
25-09-2013,17.743,17.798,17.712,17.766,117574,0
26-09-2013,17.859,18.022,17.805,17.993,127689,0
27-09-2013,17.983,18.094,17.852,18.031,171824,0
30-09-2013,18.031,18.11,17.974,18.07,175191,0
01-10-2013,18.085,18.085,17.929,17.938,84182,0
02-10-2013,17.914,18.009,17.884,18.009,61532,0
03-10-2013,17.983,17.993,17.837,17.837,60792,0
04-10-2013,17.837,18.11,17.837,18.022,119334,0
07-10-2013,17.962,18.016,17.837,17.852,78752,0
08-10-2013,17.929,17.929,17.805,17.874,93145,0
09-10-2013,17.9,17.929,17.829,17.846,120065,0
10-10-2013,17.954,17.993,17.866,17.938,72283,0
11-10-2013,17.993,18.094,17.962,18.094,71742,0
14-10-2013,18.076,18.186,17.993,18.085,94680,0
15-10-2013,18.226,18.226,17.92,17.929,106898,0
16-10-2013,17.938,18.038,17.859,18.009,204821,0
17-10-2013,18.016,18.194,17.983,18.126,88572,0
18-10-2013,18.258,18.356,18.202,18.349,118225,0
21-10-2013,18.356,18.459,18.258,18.459,104727,0
22-10-2013,18.446,18.692,18.411,18.692,85362,0
23-10-2013,18.617,18.802,18.545,18.755,93509,0
24-10-2013,18.826,18.888,18.654,18.88,156975,0
25-10-2013,18.88,18.975,18.771,18.975,184630,0
28-10-2013,18.965,18.997,18.865,18.896,129636,0
29-10-2013,18.896,18.997,18.888,18.99,112127,0
30-10-2013,18.965,18.99,18.921,18.928,107909,0
31-10-2013,18.88,18.997,18.88,18.935,72413,0
01-11-2013,18.943,18.965,18.787,18.795,75869,0
04-11-2013,18.88,18.928,18.818,18.888,71718,0
05-11-2013,18.857,18.975,18.826,18.943,67203,0
06-11-2013,18.902,18.95,18.865,18.88,59096,0
07-11-2013,18.873,18.975,18.873,18.928,53528,0
08-11-2013,18.849,18.849,18.701,18.726,78740,0
11-11-2013,18.802,18.857,18.749,18.802,70749,0
12-11-2013,18.771,18.888,18.771,18.795,67144,0
13-11-2013,18.749,18.802,18.708,18.74,92670,0
14-11-2013,18.74,18.911,18.74,18.802,61925,0
15-11-2013,18.802,18.873,18.802,18.834,49792,0
18-11-2013,18.841,18.935,18.818,18.896,77807,0
19-11-2013,18.921,18.957,18.841,18.911,189218,0
20-11-2013,18.896,19.052,18.896,18.95,154895,0
21-11-2013,18.975,19.083,18.95,19.046,65737,0
22-11-2013,19.058,19.23,19.052,19.192,112645,0
25-11-2013,19.161,19.254,19.114,19.199,83167,0
26-11-2013,19.285,19.333,19.246,19.277,101389,0
27-11-2013,19.317,19.317,19.229,19.302,79537,0
29-11-2013,19.317,19.396,19.302,19.324,64011,0
02-12-2013,19.324,19.341,19.221,19.221,47678,0
03-12-2013,19.207,19.302,19.159,19.285,146977,0
04-12-2013,19.229,19.277,19.152,19.159,66809,0
05-12-2013,19.127,19.127,18.732,18.826,120093,0
06-12-2013,18.826,18.986,18.818,18.818,70294,0
09-12-2013,18.826,18.978,18.707,18.707,74041,0
10-12-2013,18.732,18.818,18.495,18.606,125663,0
11-12-2013,18.629,18.629,18.376,18.392,88727,0
12-12-2013,18.406,18.421,18.183,18.32,189132,0
13-12-2013,18.281,18.504,18.281,18.504,108858,0
16-12-2013,18.376,18.412,18.294,18.345,127234,0
17-12-2013,18.328,18.399,18.289,18.35,84161,0
18-12-2013,18.345,18.461,18.289,18.392,131283,0
19-12-2013,18.345,18.406,18.264,18.302,115960,0
20-12-2013,18.281,18.431,18.281,18.302,130202,0
23-12-2013,18.366,18.524,18.32,18.337,115540,0
24-12-2013,18.328,18.406,18.21,18.239,65796,0
26-12-2013,18.21,18.392,18.21,18.233,182078,0
27-12-2013,18.233,18.376,18.233,18.328,94628,0
30-12-2013,18.337,18.345,18.289,18.289,103787,0
31-12-2013,18.294,18.532,18.294,18.532,102666,0
02-01-2014,18.461,18.461,18.366,18.412,55407,0
03-01-2014,18.384,18.7,18.384,18.691,85319,0
06-01-2014,18.748,18.905,18.748,18.905,104727,0
07-01-2014,18.968,18.993,18.724,18.732,84540,0
08-01-2014,18.779,18.913,18.621,18.859,104701,0
09-01-2014,18.922,19.015,18.763,18.85,130478,0
10-01-2014,18.866,19.008,18.866,18.922,91989,0
13-01-2014,18.978,19.119,18.842,18.866,106272,0
14-01-2014,18.882,19.049,18.882,19.015,83165,0
15-01-2014,19.049,19.119,19,19.063,71367,0
16-01-2014,19.033,19.246,19.033,19.166,96033,0
17-01-2014,19.159,19.341,19.119,19.143,147439,0
21-01-2014,19.174,19.246,19.079,19.174,124385,0
22-01-2014,19.183,19.333,19.174,19.324,106775,0
23-01-2014,19.302,19.302,19.183,19.239,141678,0
24-01-2014,19.198,19.262,19.071,19.254,174936,0
27-01-2014,19.317,19.317,19.198,19.269,133127,0
28-01-2014,19.285,19.285,19.214,19.269,257619,0
29-01-2014,19.262,19.341,19.198,19.221,200149,0
30-01-2014,19.302,19.531,19.239,19.396,221613,0
31-01-2014,19.373,19.436,19.318,19.356,59489,0
03-02-2014,19.372,19.436,19.269,19.277,54618,0
04-02-2014,19.277,19.294,19.214,19.254,123895,0
05-02-2014,19.221,19.269,19.19,19.239,87664,0
06-02-2014,19.262,19.302,19.207,19.207,121267,0
07-02-2014,19.229,19.294,19.229,19.246,164420,0
10-02-2014,19.269,19.311,19.262,19.285,258602,0
11-02-2014,19.317,19.514,19.277,19.451,254984,0
12-02-2014,19.476,19.667,19.476,19.577,113239,0
13-02-2014,19.563,19.688,19.54,19.688,47135,0
14-02-2014,19.641,19.752,19.641,19.688,51550,0
18-02-2014,19.752,19.784,19.705,19.752,116537,0
19-02-2014,19.752,19.856,19.744,19.778,60382,0
20-02-2014,19.807,19.856,19.778,19.778,74401,0
21-02-2014,19.794,19.894,19.794,19.849,82813,0
24-02-2014,19.816,19.856,19.784,19.794,72884,0
25-02-2014,19.799,19.87,19.799,19.856,50902,0
26-02-2014,20.007,20.041,19.926,19.95,125225,0
27-02-2014,19.991,20.015,19.959,19.991,60780,0
28-02-2014,20.023,20.104,20.007,20.055,69051,0
03-03-2014,20.007,20.041,19.991,19.999,159328,0
04-03-2014,20.055,20.088,19.95,20.088,415274,0
05-03-2014,20.088,20.143,20.041,20.126,208858,0
06-03-2014,20.151,20.537,20.088,20.304,222746,0
07-03-2014,20.273,20.48,20.248,20.394,266666,0
10-03-2014,20.394,20.415,20.282,20.29,96291,0
11-03-2014,20.29,20.33,20.232,20.256,52736,0
12-03-2014,20.248,20.338,20.248,20.311,37569,0
13-03-2014,20.296,20.353,20.29,20.353,62394,0
14-03-2014,20.304,20.424,20.296,20.424,72785,0
17-03-2014,20.394,20.433,20.256,20.273,102798,0
18-03-2014,20.33,20.467,20.296,20.376,85994,0
19-03-2014,20.41,20.587,20.368,20.498,163713,0
20-03-2014,20.41,20.46,20.29,20.376,217627,0
21-03-2014,20.386,20.467,20.33,20.467,133976,0
24-03-2014,20.45,20.46,20.368,20.415,63143,0
25-03-2014,20.424,20.45,20.368,20.424,56007,0
26-03-2014,20.442,20.467,20.403,20.45,56185,0
27-03-2014,20.403,20.46,20.386,20.45,38289,0
28-03-2014,20.433,20.515,20.424,20.515,96792,0
31-03-2014,20.506,20.683,20.489,20.683,130194,0
01-04-2014,20.658,20.95,20.609,20.915,235452,0
02-04-2014,20.85,20.893,20.699,20.709,99020,0
03-04-2014,20.772,20.772,20.651,20.664,96096,0
04-04-2014,20.664,20.716,20.595,20.691,73376,0
07-04-2014,20.683,20.683,20.562,20.562,64762,0
08-04-2014,20.601,20.618,20.515,20.529,76391,0
09-04-2014,20.524,20.651,20.506,20.571,62830,0
10-04-2014,20.579,20.658,20.579,20.628,62634,0
11-04-2014,20.571,20.691,20.571,20.634,58301,0
14-04-2014,20.643,20.691,20.609,20.634,41715,0
15-04-2014,20.628,20.779,20.618,20.779,75746,0
16-04-2014,20.772,20.786,20.72,20.73,59327,0
17-04-2014,20.716,20.803,20.634,20.634,163329,0
21-04-2014,20.674,20.747,20.658,20.691,42146,0
22-04-2014,20.747,20.779,20.683,20.72,52465,0
23-04-2014,20.716,20.756,20.683,20.683,79563,0
24-04-2014,20.73,20.73,20.658,20.716,83985,0
25-04-2014,20.674,20.779,20.595,20.779,230861,0
28-04-2014,20.747,20.765,20.683,20.683,64153,0
29-04-2014,20.699,20.709,20.643,20.709,57986,0
30-04-2014,20.691,20.822,20.674,20.822,70160,0
01-05-2014,20.747,20.765,20.674,20.73,465706,0
02-05-2014,20.699,20.756,20.674,20.709,45604,0
05-05-2014,20.691,20.779,20.691,20.765,26546,0
06-05-2014,20.765,20.765,20.716,20.716,17405,0
07-05-2014,20.738,20.756,20.683,20.747,96337,0
08-05-2014,20.747,20.786,20.691,20.691,119181,0
09-05-2014,20.756,20.756,20.691,20.699,40263,0
12-05-2014,20.73,20.73,20.691,20.709,34697,0
13-05-2014,20.691,20.794,20.691,20.765,78741,0
14-05-2014,20.73,20.772,20.709,20.72,344783,0
15-05-2014,20.72,20.756,20.72,20.747,50468,0
16-05-2014,20.72,20.812,20.72,20.803,57169,0
19-05-2014,20.794,20.822,20.738,20.756,219352,0
20-05-2014,20.803,20.822,20.73,20.786,147202,0
21-05-2014,20.794,20.822,20.756,20.756,54815,0
22-05-2014,20.803,20.822,20.756,20.772,42808,0
23-05-2014,20.803,20.812,20.716,20.772,51159,0
27-05-2014,20.765,20.812,20.691,20.716,122221,0
28-05-2014,20.794,20.836,20.764,20.812,125160,0
29-05-2014,20.836,20.878,20.794,20.85,131539,0
30-05-2014,20.418,20.878,20.418,20.812,78347,0
02-06-2014,20.836,20.907,20.836,20.902,58666,0
03-06-2014,20.894,20.894,20.764,20.764,67290,0
04-06-2014,20.772,20.772,20.444,20.583,114414,0
05-06-2014,20.583,20.672,20.576,20.615,90460,0
06-06-2014,20.682,20.72,20.657,20.697,38593,0
09-06-2014,20.697,20.715,20.64,20.689,534460,0
10-06-2014,20.72,20.729,20.625,20.672,61802,0
11-06-2014,20.697,20.707,20.65,20.689,89206,0
12-06-2014,20.707,20.72,20.65,20.707,42163,0
13-06-2014,20.707,20.794,20.682,20.746,184102,0
16-06-2014,20.786,20.86,20.707,20.85,100473,0
17-06-2014,20.836,20.843,20.764,20.843,65436,0
18-06-2014,20.85,20.878,20.794,20.869,62337,0
19-06-2014,20.869,20.869,20.755,20.786,62283,0
20-06-2014,20.85,20.85,20.484,20.484,491218,0
23-06-2014,20.715,20.729,20.662,20.72,56244,0
24-06-2014,20.672,20.794,20.672,20.779,36272,0
25-06-2014,20.822,20.85,20.772,20.786,31973,0
26-06-2014,20.764,20.902,20.755,20.836,80281,0
27-06-2014,20.907,20.944,20.878,20.878,37460,0
30-06-2014,20.935,20.966,20.887,20.887,46646,0
01-07-2014,20.959,20.959,20.843,20.887,58559,0
02-07-2014,20.917,20.966,20.755,20.779,105250,0
03-07-2014,20.764,20.869,20.715,20.836,28683,0
07-07-2014,20.869,20.878,20.836,20.843,35051,0
08-07-2014,20.843,21.016,20.843,20.992,111607,0
09-07-2014,20.959,20.992,20.952,20.992,42663,0
10-07-2014,20.944,20.959,20.917,20.944,29703,0
11-07-2014,20.878,21.074,20.878,21.057,80083,0
14-07-2014,21.066,21.074,21.009,21.009,31904,0
15-07-2014,21.001,21.001,20.944,20.966,54771,0
16-07-2014,20.966,21.016,20.959,20.966,34486,0
17-07-2014,20.944,21.001,20.843,20.869,46154,0
18-07-2014,20.907,21.001,20.822,20.822,101037,0
21-07-2014,20.878,20.952,20.878,20.907,99947,0
22-07-2014,20.959,20.982,20.917,20.935,102764,0
23-07-2014,20.935,20.982,20.926,20.959,86192,0
24-07-2014,20.992,20.992,20.926,20.944,51837,0
25-07-2014,20.926,20.959,20.917,20.944,33050,0
28-07-2014,20.907,20.959,20.907,20.935,81861,0
29-07-2014,20.935,20.959,20.917,20.935,70045,0
30-07-2014,20.926,20.974,20.926,20.959,46062,0
31-07-2014,20.86,20.959,20.755,20.822,78897,0
01-08-2014,20.755,20.812,20.64,20.662,75101,0
04-08-2014,20.672,20.764,20.657,20.729,67897,0
05-08-2014,20.689,20.689,20.583,20.598,71212,0
06-08-2014,20.625,20.697,20.625,20.662,31775,0
07-08-2014,20.697,20.869,20.662,20.85,53076,0
08-08-2014,20.86,20.878,20.72,20.772,25960,0
11-08-2014,20.779,20.83,20.737,20.755,22847,0
12-08-2014,20.755,20.907,20.755,20.887,104021,0
13-08-2014,20.907,20.966,20.894,20.959,58330,0
14-08-2014,20.926,21.039,20.926,21.032,26972,0
15-08-2014,21.016,21.066,21.016,21.049,34604,0
18-08-2014,21.049,21.066,21.023,21.066,128561,0
19-08-2014,21.074,21.074,21.057,21.057,82261,0
20-08-2014,21.066,21.074,21.049,21.066,60749,0
21-08-2014,21.074,21.081,21.023,21.066,22130,0
22-08-2014,21.023,21.09,21.016,21.066,38329,0
25-08-2014,21.105,21.105,21.066,21.097,19963,0
26-08-2014,21.114,21.228,21.081,21.212,73336,0
27-08-2014,21.244,21.385,21.195,21.336,86374,0
28-08-2014,21.311,21.351,21.276,21.336,31452,0
29-08-2014,21.359,21.369,21.302,21.343,16484,0
02-09-2014,21.311,21.359,21.244,21.311,77294,0
03-09-2014,21.293,21.327,21.236,21.293,159869,0
04-09-2014,21.244,21.269,21.005,21.121,76140,0
05-09-2014,21.136,21.169,21.019,21.094,80920,0
08-09-2014,21.16,21.16,20.969,20.978,54198,0
09-09-2014,20.995,21.014,20.92,20.947,42606,0
10-09-2014,20.954,20.995,20.91,20.961,80203,0
11-09-2014,20.961,20.978,20.871,20.938,31257,0
12-09-2014,20.889,20.92,20.871,20.92,46073,0
15-09-2014,20.938,21.036,20.889,21.036,40162,0
16-09-2014,20.978,21.078,20.961,20.986,37786,0
17-09-2014,21.014,21.044,21.014,21.014,28834,0
18-09-2014,21.014,21.146,21.014,21.121,84769,0
19-09-2014,21.121,21.152,21.036,21.036,52390,0
22-09-2014,21.063,21.071,20.947,20.961,55373,0
23-09-2014,20.938,21.078,20.938,21.078,44436,0
24-09-2014,20.978,21.036,20.978,20.986,60832,0
25-09-2014,20.986,20.986,20.938,20.969,42790,0
26-09-2014,20.938,21.071,20.938,20.995,35603,0
29-09-2014,21.019,21.078,21.005,21.071,38369,0
30-09-2014,21.071,21.121,21.053,21.111,46089,0
01-10-2014,21.121,21.121,20.978,21.005,124435,0
02-10-2014,21.036,21.071,21.014,21.071,56752,0
03-10-2014,21.111,21.111,21.044,21.071,50687,0
06-10-2014,21.078,21.111,21.044,21.094,52323,0
07-10-2014,21.094,21.128,21.078,21.078,47648,0
08-10-2014,21.053,21.086,20.995,21.063,45613,0
09-10-2014,21.071,21.078,20.986,21.005,51256,0
10-10-2014,20.986,21.019,20.954,20.978,31933,0
13-10-2014,21.014,21.014,20.947,20.954,19094,0
14-10-2014,20.929,21.028,20.929,21.014,33327,0
15-10-2014,20.978,21.078,20.961,21.044,62793,0
16-10-2014,21.005,21.094,20.969,21.063,31940,0
17-10-2014,21.102,21.195,20.995,20.995,98710,0
20-10-2014,21.014,21.094,20.938,21.028,309470,0
21-10-2014,21.028,21.036,20.961,20.978,235063,0
22-10-2014,21.005,21.005,20.929,20.929,159148,0
23-10-2014,20.938,20.978,20.929,20.947,116880,0
24-10-2014,20.978,21.005,20.954,20.978,47338,0
27-10-2014,21.014,21.078,20.978,21.044,65573,0
28-10-2014,21.071,21.094,21.044,21.071,43862,0
29-10-2014,21.071,21.078,21.028,21.053,40477,0
30-10-2014,21.053,21.16,21.014,21.128,63457,0
31-10-2014,21.121,21.186,21.071,21.186,159535,0
03-11-2014,21.178,21.244,21.152,21.169,76535,0
04-11-2014,21.186,21.302,21.186,21.244,161136,0
05-11-2014,21.21,21.276,21.21,21.236,42885,0
06-11-2014,21.261,21.261,21.227,21.253,35508,0
07-11-2014,21.269,21.409,21.227,21.378,62927,0
10-11-2014,21.369,21.385,21.343,21.359,62626,0
11-11-2014,21.351,21.394,21.302,21.369,30954,0
12-11-2014,21.378,21.394,21.311,21.369,40388,0
13-11-2014,21.343,21.409,21.327,21.409,45893,0
14-11-2014,21.409,21.534,21.409,21.534,62928,0
17-11-2014,21.51,21.568,21.46,21.56,56999,0
18-11-2014,21.551,21.568,21.493,21.493,64570,0
19-11-2014,21.51,21.56,21.443,21.493,47041,0
20-11-2014,21.46,21.534,21.427,21.443,112960,0
21-11-2014,21.485,21.493,21.327,21.443,183486,0
24-11-2014,21.417,21.485,21.378,21.427,41317,0
25-11-2014,21.427,21.451,21.369,21.409,43071,0
26-11-2014,21.501,21.535,21.426,21.501,56123,0
28-11-2014,21.426,21.611,21.426,21.501,38511,0
01-12-2014,21.493,21.552,21.426,21.526,50926,0
02-12-2014,21.435,21.535,21.426,21.435,36995,0
03-12-2014,21.51,21.51,21.376,21.392,48465,0
04-12-2014,21.376,21.383,21.214,21.258,70443,0
05-12-2014,21.317,21.333,21.258,21.258,25411,0
08-12-2014,21.282,21.341,21.267,21.29,84015,0
09-12-2014,21.258,21.326,21.258,21.317,34913,0
10-12-2014,21.29,21.357,21.282,21.349,30298,0
11-12-2014,21.333,21.442,21.282,21.282,42516,0
12-12-2014,21.308,21.308,21.232,21.249,55732,0
15-12-2014,21.282,21.308,21.198,21.214,61999,0
16-12-2014,21.214,21.258,21.19,21.198,56064,0
17-12-2014,21.274,21.326,21.207,21.258,76164,0
18-12-2014,21.326,21.326,21.258,21.282,98743,0
19-12-2014,21.29,21.435,21.274,21.349,52033,0
22-12-2014,21.317,21.392,21.298,21.376,45739,0
23-12-2014,21.408,21.426,21.326,21.367,174455,0
24-12-2014,21.408,21.408,21.326,21.341,20921,0
26-12-2014,21.367,21.417,21.367,21.4,19595,0
29-12-2014,21.4,21.493,21.4,21.493,40880,0
30-12-2014,21.467,21.603,21.442,21.552,24975,0
31-12-2014,21.569,21.603,21.46,21.493,61157,0
02-01-2015,21.51,21.763,21.51,21.662,57718,0
05-01-2015,21.603,21.611,21.442,21.493,91851,0
06-01-2015,21.518,21.518,21.426,21.46,77005,0
07-01-2015,21.493,21.526,21.467,21.485,73295,0
08-01-2015,21.493,21.501,21.442,21.467,104315,0
09-01-2015,21.493,21.493,21.417,21.417,44905,0
12-01-2015,21.426,21.493,21.426,21.467,39535,0
13-01-2015,21.493,21.569,21.493,21.526,73459,0
14-01-2015,21.526,21.577,21.485,21.552,69423,0
15-01-2015,21.535,21.569,21.476,21.518,63745,0
16-01-2015,21.467,21.595,21.451,21.595,48861,0
20-01-2015,21.645,21.662,21.577,21.611,48925,0
21-01-2015,21.636,21.678,21.569,21.603,44283,0
22-01-2015,21.662,21.771,21.619,21.619,60304,0
23-01-2015,21.654,21.678,21.636,21.662,28464,0
26-01-2015,21.645,21.695,21.611,21.636,64712,0
27-01-2015,21.654,21.737,21.611,21.636,84282,0
28-01-2015,21.712,21.712,21.645,21.686,57089,0
29-01-2015,21.712,21.712,21.654,21.678,40751,0
30-01-2015,21.712,21.804,21.686,21.686,87816,0
02-02-2015,21.745,21.745,21.662,21.686,36711,0
03-02-2015,21.704,21.712,21.645,21.67,68309,0
04-02-2015,21.712,21.754,21.645,21.712,39194,0
05-02-2015,21.704,21.712,21.627,21.627,75472,0
06-02-2015,21.67,21.678,21.545,21.56,57352,0
09-02-2015,21.518,21.645,21.518,21.627,24725,0
10-02-2015,21.645,21.704,21.535,21.569,48090,0
11-02-2015,21.595,21.654,21.577,21.595,51182,0
12-02-2015,21.67,21.729,21.595,21.611,113652,0
13-02-2015,21.662,21.662,21.585,21.585,57862,0
17-02-2015,21.627,21.654,21.585,21.611,49610,0
18-02-2015,21.569,21.585,21.417,21.476,79030,0
19-02-2015,21.476,21.56,21.476,21.545,34935,0
20-02-2015,21.51,21.654,21.51,21.611,37024,0
23-02-2015,21.686,21.686,21.636,21.662,48091,0
24-02-2015,21.686,21.737,21.67,21.722,31033,0
25-02-2015,21.856,21.891,21.736,21.744,152509,0
26-02-2015,21.753,21.804,21.753,21.796,36715,0
27-02-2015,21.788,21.83,21.77,21.822,57975,0
02-03-2015,21.83,21.84,21.762,21.788,121363,0
03-03-2015,21.78,21.804,21.77,21.796,46022,0
04-03-2015,21.788,21.83,21.762,21.804,98003,0
05-03-2015,21.813,21.865,21.813,21.83,51511,0
06-03-2015,21.804,21.83,21.669,21.676,71603,0
09-03-2015,21.684,21.711,21.633,21.651,62960,0
10-03-2015,21.651,21.813,21.642,21.762,92744,0
11-03-2015,21.744,21.78,21.728,21.753,33290,0
12-03-2015,21.753,21.77,21.744,21.744,30252,0
13-03-2015,21.77,21.788,21.711,21.77,38079,0
16-03-2015,21.788,21.788,21.72,21.762,46141,0
17-03-2015,21.744,21.753,21.728,21.736,43103,0
18-03-2015,21.736,21.822,21.736,21.822,38546,0
19-03-2015,21.83,21.84,21.728,21.762,57004,0
20-03-2015,21.813,21.865,21.736,21.78,71489,0
23-03-2015,21.813,21.83,21.77,21.804,32590,0
24-03-2015,21.83,21.865,21.788,21.804,44505,0
25-03-2015,21.796,21.881,21.796,21.804,43337,0
26-03-2015,21.77,21.84,21.762,21.78,53148,0
27-03-2015,21.796,21.796,21.744,21.753,162599,0
30-03-2015,21.822,21.822,21.753,21.753,43804,0
31-03-2015,21.788,21.788,21.753,21.77,53005,0
01-04-2015,21.804,21.83,21.753,21.753,60274,0
02-04-2015,21.753,21.77,21.736,21.736,104427,0
06-04-2015,21.753,21.762,21.736,21.736,40884,0
07-04-2015,21.744,21.762,21.711,21.72,90065,0
08-04-2015,21.736,21.736,21.693,21.72,90994,0
09-04-2015,21.736,21.736,21.693,21.72,182706,0
10-04-2015,21.736,21.736,21.684,21.693,78729,0
13-04-2015,21.796,21.822,21.753,21.788,81299,0
14-04-2015,21.762,21.822,21.762,21.788,73589,0
15-04-2015,21.796,21.916,21.77,21.881,59695,0
16-04-2015,21.849,21.865,21.804,21.83,35472,0
17-04-2015,21.84,21.873,21.702,21.702,269245,0
20-04-2015,21.762,21.77,21.702,21.72,83482,0
21-04-2015,21.736,21.899,21.728,21.856,99632,0
22-04-2015,21.873,21.916,21.813,21.899,118025,0
23-04-2015,21.916,21.932,21.865,21.865,50929,0
24-04-2015,21.881,21.951,21.856,21.941,39423,0
27-04-2015,21.916,21.941,21.849,21.891,41583,0
28-04-2015,21.932,21.951,21.736,21.796,183857,0
29-04-2015,21.78,21.849,21.753,21.84,52798,0
30-04-2015,21.856,21.873,21.78,21.78,48008,0
01-05-2015,21.83,22.097,21.83,22.078,869877,0
04-05-2015,22.001,22.037,21.968,22.001,78376,0
05-05-2015,22.001,22.018,21.941,21.986,64831,0
06-05-2015,21.986,21.986,21.83,21.849,99223,0
07-05-2015,21.891,21.977,21.84,21.873,67700,0
08-05-2015,21.899,21.977,21.899,21.926,55367,0
11-05-2015,21.873,21.916,21.736,21.813,47541,0
12-05-2015,21.77,21.84,21.72,21.788,57344,0
13-05-2015,21.796,22.011,21.796,22.001,56184,0
14-05-2015,21.941,22.105,21.941,22.053,51045,0
15-05-2015,22.053,22.078,21.986,22.053,18517,0
18-05-2015,22.053,22.088,21.977,22.018,37776,0
19-05-2015,21.992,22.061,21.992,22.044,26635,0
20-05-2015,22.053,22.053,21.891,21.951,54199,0
21-05-2015,21.916,21.986,21.916,21.941,34574,0
22-05-2015,22.001,22.001,21.932,21.977,29902,0
26-05-2015,22.001,22.001,21.881,21.951,36704,0
27-05-2015,21.951,21.986,21.899,21.986,51864,0
28-05-2015,22.027,22.027,21.957,21.975,53066,0
29-05-2015,22.017,22.017,21.914,21.914,53128,0
01-06-2015,21.939,22.027,21.93,21.984,76725,0
02-06-2015,22.01,22.01,21.914,21.949,66517,0
03-06-2015,21.939,21.992,21.914,21.949,42320,0
04-06-2015,21.939,22.017,21.939,21.984,36569,0
05-06-2015,21.957,21.966,21.897,21.905,40824,0
08-06-2015,21.949,21.992,21.923,21.949,35534,0
09-06-2015,21.93,21.939,21.897,21.93,35996,0
10-06-2015,21.914,21.93,21.878,21.888,96377,0
11-06-2015,21.93,21.939,21.878,21.93,63631,0
12-06-2015,21.939,21.939,21.923,21.93,20469,0
15-06-2015,21.966,21.966,21.914,21.939,41744,0
16-06-2015,21.923,21.949,21.897,21.914,45769,0
17-06-2015,21.93,21.93,21.905,21.923,34960,0
18-06-2015,21.975,21.984,21.897,21.897,123965,0
19-06-2015,21.914,21.923,21.878,21.905,27368,0
22-06-2015,21.923,21.923,21.888,21.888,42434,0
23-06-2015,21.888,21.888,21.869,21.878,46672,0
24-06-2015,21.888,21.905,21.869,21.878,46458,0
25-06-2015,21.905,21.914,21.878,21.914,37490,0
26-06-2015,21.905,22.017,21.897,21.905,77506,0
29-06-2015,21.897,21.914,21.845,21.845,73022,0
30-06-2015,21.852,21.923,21.852,21.852,74369,0
01-07-2015,21.897,22.053,21.878,21.992,102807,0
02-07-2015,22.044,22.044,21.957,22.027,26334,0
06-07-2015,21.975,22.088,21.939,21.992,46113,0
07-07-2015,22.01,22.01,21.957,21.966,19206,0
08-07-2015,21.957,21.966,21.905,21.914,51173,0
09-07-2015,21.93,21.949,21.914,21.923,37719,0
10-07-2015,21.93,21.957,21.93,21.939,26219,0
13-07-2015,21.975,22.044,21.957,22.017,40249,0
14-07-2015,22.044,22.044,21.975,22.027,23379,0
15-07-2015,22.027,22.175,22.027,22.148,115599,0
16-07-2015,22.114,22.279,22.114,22.243,52898,0
17-07-2015,22.243,22.322,22.209,22.322,45192,0
20-07-2015,22.33,22.33,22.218,22.228,37372,0
21-07-2015,22.228,22.27,22.218,22.228,33695,0
22-07-2015,22.243,22.243,22.097,22.106,46229,0
23-07-2015,22.07,22.158,21.949,22.036,171229,0
24-07-2015,22.053,22.114,22.044,22.078,28404,0
27-07-2015,22.078,22.088,22.017,22.027,30934,0
28-07-2015,22.078,22.106,21.975,22.027,115456,0
29-07-2015,22.017,22.036,22.017,22.017,33810,0
30-07-2015,22.061,22.061,22.017,22.027,24035,0
31-07-2015,22.044,22.061,22,22.027,29553,0
03-08-2015,22.036,22.088,22.036,22.061,35210,0
04-08-2015,22.088,22.088,22.027,22.044,100850,0
05-08-2015,22.061,22.088,22.053,22.078,38064,0
06-08-2015,22.088,22.114,22.078,22.106,31147,0
07-08-2015,22.088,22.148,22.088,22.13,24149,0
10-08-2015,22.114,22.191,22.106,22.191,36684,0
11-08-2015,22.183,22.252,22.175,22.252,42971,0
12-08-2015,22.237,22.261,22.209,22.252,37028,0
13-08-2015,22.252,22.279,22.183,22.27,25529,0
14-08-2015,22.252,22.27,22.218,22.27,38179,0
17-08-2015,22.228,22.252,22.2,22.243,47494,0
18-08-2015,22.218,22.27,22.218,22.228,43928,0
19-08-2015,22.209,22.237,22.183,22.228,41975,0
20-08-2015,22.261,22.261,22.209,22.218,34039,0
21-08-2015,22.218,22.252,22.209,22.209,39558,0
24-08-2015,22.061,22.088,21.93,21.984,164575,0
25-08-2015,22.027,22.097,21.966,21.966,49334,0
26-08-2015,22.061,22.088,21.966,22.036,87284,0
27-08-2015,22.088,22.13,22.036,22.122,51403,0
28-08-2015,22.218,22.28,22.218,22.244,71652,0
31-08-2015,22.28,22.299,22.147,22.183,117724,0
01-09-2015,22.209,22.332,22.183,22.228,34751,0
02-09-2015,22.237,22.253,22.191,22.244,47542,0
03-09-2015,22.237,22.299,22.228,22.271,60332,0
04-09-2015,22.299,22.299,22.244,22.253,26375,0
08-09-2015,22.28,22.299,22.271,22.299,22187,0
09-09-2015,22.306,22.324,22.28,22.315,32261,0
10-09-2015,22.332,22.332,22.28,22.306,34370,0
11-09-2015,22.29,22.306,22.28,22.28,31242,0
14-09-2015,22.29,22.315,22.28,22.299,34751,0
15-09-2015,22.342,22.352,22.306,22.342,27733,0
16-09-2015,22.352,22.368,22.306,22.368,76068,0
17-09-2015,22.324,22.332,22.299,22.306,60737,0
18-09-2015,22.315,22.352,22.315,22.332,26827,0
21-09-2015,22.352,22.352,22.306,22.324,33506,0
22-09-2015,22.342,22.342,22.29,22.306,67463,0
23-09-2015,22.324,22.352,22.306,22.352,34063,0
24-09-2015,22.324,22.342,22.324,22.342,31906,0
25-09-2015,22.332,22.377,22.306,22.306,89990,0
28-09-2015,22.324,22.342,22.29,22.299,32545,0
29-09-2015,22.29,22.315,22.262,22.262,50486,0
30-09-2015,22.352,22.352,22.262,22.262,62484,0
01-10-2015,22.299,22.306,22.262,22.262,48900,0
02-10-2015,22.271,22.28,22.244,22.28,44259,0
05-10-2015,22.28,22.36,22.28,22.306,52273,0
06-10-2015,22.306,22.352,22.306,22.352,45166,0
07-10-2015,22.352,22.422,22.342,22.352,51730,0
08-10-2015,22.315,22.352,22.315,22.352,39166,0
09-10-2015,22.377,22.394,22.28,22.324,55918,0
12-10-2015,22.306,22.394,22.306,22.394,61721,0
13-10-2015,22.394,22.43,22.368,22.385,49692,0
14-10-2015,22.43,22.43,22.394,22.394,30677,0
15-10-2015,22.439,22.439,22.404,22.43,80821,0
16-10-2015,22.446,22.528,22.43,22.528,96329,0
19-10-2015,22.502,22.502,22.484,22.484,35793,0
20-10-2015,22.502,22.502,22.456,22.493,75538,0
21-10-2015,22.508,22.545,22.502,22.528,50711,0
22-10-2015,22.536,22.563,22.502,22.563,59428,0
23-10-2015,22.555,22.589,22.502,22.502,35091,0
26-10-2015,22.555,22.563,22.502,22.536,43694,0
27-10-2015,22.502,22.617,22.502,22.617,47882,0
28-10-2015,22.607,22.641,22.57,22.641,38035,0
29-10-2015,22.632,22.66,22.58,22.66,34411,0
30-10-2015,22.632,22.651,22.446,22.617,85576,0
02-11-2015,22.589,22.792,22.58,22.731,60293,0
03-11-2015,22.678,22.837,22.678,22.765,50146,0
04-11-2015,22.827,22.827,22.703,22.703,46930,0
05-11-2015,22.703,22.792,22.703,22.784,43580,0
06-11-2015,22.74,22.74,22.58,22.703,38146,0
09-11-2015,22.66,22.765,22.57,22.749,52358,0
10-11-2015,22.703,22.792,22.703,22.792,37468,0
11-11-2015,22.765,22.818,22.765,22.784,48900,0
12-11-2015,22.722,22.846,22.669,22.802,49127,0
13-11-2015,22.74,22.775,22.66,22.678,43127,0
16-11-2015,22.651,22.713,22.58,22.641,55918,0
17-11-2015,22.686,22.686,22.625,22.66,39391,0
18-11-2015,22.641,22.703,22.641,22.694,38146,0
19-11-2015,22.669,22.686,22.632,22.66,34525,0
20-11-2015,22.669,22.686,22.607,22.669,55014,0
23-11-2015,22.66,22.694,22.625,22.694,38827,0
24-11-2015,22.641,22.792,22.641,22.792,48221,0
25-11-2015,22.846,22.872,22.792,22.811,50486,0
27-11-2015,22.872,22.935,22.76,22.907,43276,0
30-11-2015,22.916,22.952,22.863,22.889,47477,0
01-12-2015,23.023,23.023,22.935,22.97,56876,0
02-12-2015,22.943,22.952,22.754,22.782,109985,0
03-12-2015,22.809,22.916,22.8,22.889,53695,0
04-12-2015,22.872,22.935,22.836,22.889,27861,0
07-12-2015,22.88,22.943,22.791,22.88,43353,0
08-12-2015,22.826,22.907,22.826,22.863,19458,0
09-12-2015,22.889,22.889,22.809,22.836,35552,0
10-12-2015,22.889,22.916,22.836,22.863,25523,0
11-12-2015,22.899,22.899,22.782,22.782,36890,0
14-12-2015,22.782,22.836,22.584,22.594,82785,0
15-12-2015,22.763,22.763,22.574,22.603,51376,0
16-12-2015,22.666,22.746,22.621,22.691,51268,0
17-12-2015,22.763,22.826,22.746,22.763,48367,0
18-12-2015,22.853,22.872,22.763,22.826,68541,0
21-12-2015,22.791,22.907,22.782,22.817,63302,0
22-12-2015,22.809,22.925,22.8,22.845,77855,0
23-12-2015,22.88,22.88,22.782,22.845,35441,0
24-12-2015,22.817,22.889,22.817,22.889,14848,0
28-12-2015,22.878,23.007,22.826,23.007,56204,0
29-12-2015,22.97,23.212,22.935,23.204,65189,0
30-12-2015,23.186,23.186,23.086,23.141,29715,0
31-12-2015,23.133,23.158,23.114,23.133,9136,0
04-01-2016,23.011,23.849,22.981,23.321,111946,0
05-01-2016,23.266,23.303,23.212,23.283,100152,0
06-01-2016,23.186,23.186,23.019,23.078,157003,0
07-01-2016,22.97,23.103,22.97,23.051,25563,0
08-01-2016,23.095,23.104,23.032,23.051,50228,0
11-01-2016,23.051,23.051,22.97,23.015,28447,0
12-01-2016,23.061,23.061,22.988,23.007,50651,0
13-01-2016,23.023,23.061,22.928,22.961,38639,0
14-01-2016,22.97,23.051,22.935,23.032,55781,0
15-01-2016,22.925,23.007,22.836,22.863,65983,0
19-01-2016,22.863,23.249,22.791,22.817,69208,0
20-01-2016,22.754,22.872,22.629,22.8,105031,0
21-01-2016,22.899,22.961,22.853,22.899,64624,0
22-01-2016,23.051,23.051,22.853,22.872,125404,0
25-01-2016,22.907,22.952,22.853,22.907,48199,0
26-01-2016,22.925,22.961,22.763,22.809,162578,0
27-01-2016,22.791,22.853,22.763,22.817,62525,0
28-01-2016,22.863,22.863,22.809,22.845,54464,0
29-01-2016,22.853,22.998,22.853,22.961,117631,0
01-02-2016,22.961,23.061,22.925,23.061,61601,0
02-02-2016,23.061,23.061,22.988,23.007,68473,0
03-02-2016,23.015,23.015,22.872,22.961,74444,0
04-02-2016,22.935,22.97,22.845,22.916,75421,0
05-02-2016,22.889,22.889,22.71,22.826,117674,0
08-02-2016,22.71,22.737,22.395,22.728,170087,0
09-02-2016,22.414,22.566,21.768,22.063,221478,0
10-02-2016,22.298,22.584,22.27,22.306,162848,0
11-02-2016,22.073,22.118,20.818,21.229,279761,0
12-02-2016,21.408,22.019,21.396,21.928,195404,0
16-02-2016,22.252,22.773,22.235,22.657,122117,0
17-02-2016,22.71,22.809,22.71,22.763,48093,0
18-02-2016,22.754,22.809,22.566,22.726,95041,0
19-02-2016,22.612,22.925,22.594,22.889,120964,0
22-02-2016,23.042,23.042,22.763,22.782,64706,0
23-02-2016,22.817,22.817,22.657,22.719,87415,0
24-02-2016,22.574,22.836,22.574,22.809,67351,0
25-02-2016,22.952,22.97,22.791,22.961,40330,0
26-02-2016,23.134,23.142,22.961,23.096,66712,0
29-02-2016,23.096,23.205,23.07,23.07,42842,0
01-03-2016,23.115,23.223,23.087,23.16,190158,0
02-03-2016,23.198,23.223,23.061,23.109,60440,0
03-03-2016,23.198,23.198,23.124,23.169,28518,0
04-03-2016,23.169,23.316,23.105,23.179,58583,0
07-03-2016,23.198,23.198,23.087,23.151,36990,0
08-03-2016,23.134,23.214,23.134,23.169,39322,0
09-03-2016,23.151,23.223,23.134,23.142,33102,0
10-03-2016,23.142,23.191,23.006,23.032,46661,0
11-03-2016,23.233,23.233,23.078,23.16,53209,0
14-03-2016,23.198,23.223,23.134,23.205,35266,0
15-03-2016,23.233,23.233,22.978,23.014,60553,0
16-03-2016,23.078,23.096,23.014,23.061,64296,0
17-03-2016,23.151,23.151,23.061,23.105,141654,0
18-03-2016,23.198,23.214,23.138,23.198,45734,0
21-03-2016,23.105,23.223,23.087,23.151,39492,0
22-03-2016,23.198,23.198,23.087,23.134,33978,0
23-03-2016,23.214,23.214,23.115,23.115,55506,0
24-03-2016,23.078,23.205,23.07,23.205,38440,0
28-03-2016,23.233,23.233,23.115,23.198,91173,0
29-03-2016,23.16,23.205,23.087,23.179,161991,0
30-03-2016,23.243,23.297,23.151,23.297,65887,0
31-03-2016,23.243,23.278,23.142,23.142,52688,0
01-04-2016,23.179,23.188,23.061,23.07,85044,0
04-04-2016,23.051,23.115,23.019,23.087,46703,0
05-04-2016,23.087,23.105,23.023,23.07,56405,0
06-04-2016,23.087,23.16,23.014,23.051,38661,0
07-04-2016,23.105,23.169,23.014,23.014,103449,0
08-04-2016,23.061,23.196,23.061,23.151,53267,0
11-04-2016,23.243,23.262,23.169,23.233,88596,0
12-04-2016,23.233,23.287,23.198,23.205,96052,0
13-04-2016,23.287,23.37,23.243,23.351,67391,0
14-04-2016,23.38,23.38,23.326,23.38,52081,0
15-04-2016,23.38,23.38,23.151,23.151,337329,0
18-04-2016,23.198,23.2,23.134,23.16,90717,0
19-04-2016,23.169,23.269,23.169,23.233,185601,0
20-04-2016,23.269,23.405,23.205,23.389,61114,0
21-04-2016,23.405,23.415,23.278,23.396,41710,0
22-04-2016,23.396,23.508,23.361,23.46,48377,0
25-04-2016,23.425,23.425,23.361,23.405,37734,0
26-04-2016,23.425,23.489,23.333,23.489,28615,0
27-04-2016,23.453,23.587,23.407,23.543,45845,0
28-04-2016,23.543,23.607,23.543,23.553,54695,0
29-04-2016,23.524,23.616,23.444,23.444,72279,0
02-05-2016,23.508,23.69,23.508,23.616,40836,0
03-05-2016,23.651,23.69,23.597,23.635,44377,0
04-05-2016,23.597,23.698,23.587,23.661,38362,0
05-05-2016,23.597,23.661,23.597,23.661,12219,0
06-05-2016,23.661,23.981,23.635,23.808,92087,0
09-05-2016,23.762,23.825,23.707,23.825,50826,0
10-05-2016,23.735,24.099,23.735,23.935,163641,0
11-05-2016,23.88,23.88,23.753,23.817,49873,0
12-05-2016,23.88,23.935,23.799,23.907,61953,0
13-05-2016,23.889,23.907,23.808,23.808,52577,0
16-05-2016,23.835,23.935,23.835,23.926,37397,0
17-05-2016,23.88,23.88,23.799,23.862,34774,0
18-05-2016,23.808,24.327,23.799,23.835,121926,0
19-05-2016,23.825,23.825,23.639,23.753,71056,0
20-05-2016,23.715,23.825,23.69,23.825,73965,0
23-05-2016,23.835,23.926,23.769,23.926,65491,0
24-05-2016,23.88,24.007,23.862,24.007,86296,0
25-05-2016,23.944,24.054,23.899,24.045,50714,0
26-05-2016,24.045,24.244,24.045,24.244,122676,0
27-05-2016,24.233,24.307,24.197,24.226,76730,0
31-05-2016,24.169,24.522,24.067,24.392,169548,0
01-06-2016,24.297,24.385,24.207,24.362,104728,0
02-06-2016,24.282,24.392,24.226,24.382,44188,0
03-06-2016,24.337,24.402,24.262,24.402,80403,0
06-06-2016,24.402,24.402,24.298,24.402,48750,0
07-06-2016,24.337,24.419,24.122,24.262,61723,0
08-06-2016,24.242,24.419,24.233,24.354,64930,0
09-06-2016,24.29,24.392,24.252,24.29,97071,0
10-06-2016,24.282,24.29,24.162,24.29,40476,0
13-06-2016,24.29,24.29,24.217,24.252,24121,0
14-06-2016,24.187,24.29,24.055,24.177,84785,0
15-06-2016,24.132,24.354,24.105,24.347,93120,0
16-06-2016,24.233,24.272,24.097,24.097,74590,0
17-06-2016,24.162,24.337,24.114,24.337,52532,0
20-06-2016,24.297,24.419,24.233,24.419,58791,0
21-06-2016,24.307,24.447,24.298,24.447,46077,0
22-06-2016,24.447,24.447,24.197,24.242,59243,0
23-06-2016,24.187,24.272,24.162,24.233,73300,0
24-06-2016,23.41,24.067,23.41,23.633,112260,0
27-06-2016,23.55,23.595,23.392,23.439,102600,0
28-06-2016,23.66,24.262,23.633,24.057,103070,0
29-06-2016,24.057,24.197,23.86,24.152,91916,0
30-06-2016,24.032,24.412,23.864,24.354,138330,0
01-07-2016,24.307,24.382,24.132,24.233,71666,0
05-07-2016,24.187,24.366,23.92,24.022,95806,0
06-07-2016,23.91,24.105,23.864,24.049,69203,0
07-07-2016,24.057,24.097,23.91,24.04,53251,0
08-07-2016,23.984,24.105,23.937,24.012,55679,0
11-07-2016,24.022,24.233,24.022,24.105,65095,0
12-07-2016,24.067,24.282,24.04,24.162,96988,0
13-07-2016,24.162,24.347,23.967,24.002,112701,0
14-07-2016,24.022,24.142,23.799,24.067,64824,0
15-07-2016,24.049,24.412,24.049,24.252,128086,0
18-07-2016,24.354,24.392,24.068,24.282,42345,0
19-07-2016,24.177,24.307,23.809,23.967,89922,0
20-07-2016,23.967,24.132,23.873,23.902,41411,0
21-07-2016,23.994,24.039,23.882,23.882,47258,0
22-07-2016,23.882,23.897,23.689,23.689,120064,0
25-07-2016,23.855,23.873,23.744,23.873,57793,0
26-07-2016,23.873,23.984,23.85,23.984,54758,0
27-07-2016,23.967,24.127,23.967,24.049,67285,0
28-07-2016,24.002,24.077,23.994,24.04,46120,0
29-07-2016,24.032,24.26,23.975,23.975,107291,0
01-08-2016,24.002,24.04,23.892,23.929,72514,0
02-08-2016,23.929,23.946,23.817,23.937,82452,0
03-08-2016,23.855,23.994,23.799,23.994,50930,0
04-08-2016,23.91,24.105,23.892,24.105,47511,0
05-08-2016,24.002,24.097,23.984,24.087,42013,0
08-08-2016,24.04,24.382,24.04,24.382,94497,0
09-08-2016,24.382,24.447,24.327,24.447,56843,0
10-08-2016,24.447,24.447,24.339,24.372,42536,0
11-08-2016,24.372,24.419,24.237,24.372,52326,0
12-08-2016,24.282,24.437,24.226,24.402,55867,0
15-08-2016,24.272,24.307,24.077,24.122,83019,0
16-08-2016,24.327,24.327,24.022,24.177,26560,0
17-08-2016,24.142,24.327,24.077,24.327,61667,0
18-08-2016,24.226,24.392,24.226,24.392,36301,0
19-08-2016,24.297,24.447,24.252,24.347,43463,0
22-08-2016,24.262,24.412,24.262,24.317,20892,0
23-08-2016,24.282,24.402,24.266,24.402,34042,0
24-08-2016,24.447,24.447,24.242,24.242,37524,0
25-08-2016,24.242,24.262,24.162,24.169,56664,0
26-08-2016,24.262,24.29,24.132,24.29,25922,0
29-08-2016,24.197,24.262,24.177,24.233,51284,0
30-08-2016,24.337,24.337,24.167,24.232,55657,0
31-08-2016,24.29,24.29,24.167,24.167,45238,0
01-09-2016,24.205,24.327,24.205,24.271,36797,0
02-09-2016,24.251,24.419,24.241,24.413,37468,0
06-09-2016,24.429,24.515,24.347,24.515,31100,0
07-09-2016,24.413,24.525,24.383,24.403,40621,0
08-09-2016,24.429,24.469,24.297,24.307,34672,0
09-09-2016,24.297,24.423,24.017,24.017,53293,0
12-09-2016,24.054,24.129,23.876,24.129,84693,0
13-09-2016,24.054,24.149,23.979,24.11,63154,0
14-09-2016,24.035,24.232,23.735,23.847,153550,0
15-09-2016,23.8,24.101,23.8,23.979,120090,0
16-09-2016,23.941,24.054,23.847,23.885,79720,0
19-09-2016,24.017,24.139,23.97,23.979,88531,0
20-09-2016,23.988,24.054,23.913,23.941,91692,0
21-09-2016,23.988,24.007,23.819,23.961,65302,0
22-09-2016,24.007,24.129,23.988,24.083,53212,0
23-09-2016,24.073,24.322,24.054,24.11,127870,0
26-09-2016,24.073,24.175,24.017,24.017,62223,0
27-09-2016,24.073,24.225,24.073,24.101,81796,0
28-09-2016,24.093,24.209,24.093,24.149,39451,0
29-09-2016,24.215,24.363,23.913,23.913,95860,0
30-09-2016,23.979,24.035,23.885,23.905,53561,0
03-10-2016,23.97,24.185,23.97,24.11,50262,0
04-10-2016,24.11,24.11,23.988,24.027,74212,0
05-10-2016,24.063,24.073,23.997,24.045,38761,0
06-10-2016,24.045,24.054,23.982,24.035,31100,0
07-10-2016,24.027,24.053,23.97,23.997,37857,0
10-10-2016,24.035,24.035,23.866,23.97,67770,0
11-10-2016,23.961,23.961,23.829,23.857,36199,0
12-10-2016,23.829,23.904,23.8,23.81,52542,0
13-10-2016,23.819,23.905,23.819,23.866,48506,0
14-10-2016,23.895,23.951,23.895,23.932,28256,0
17-10-2016,23.932,23.988,23.905,23.905,67734,0
18-10-2016,23.951,23.988,23.913,23.97,65391,0
19-10-2016,23.988,24.11,23.941,24.027,56289,0
20-10-2016,23.997,24.054,23.997,24.054,20472,0
21-10-2016,24.054,24.241,23.984,24.241,139184,0
24-10-2016,24.175,24.215,24.129,24.149,42953,0
25-10-2016,24.119,24.185,24.119,24.139,51523,0
26-10-2016,24.063,24.093,23.988,24.027,68395,0
27-10-2016,24.035,24.035,23.979,23.997,23699,0
28-10-2016,23.997,24.017,23.913,23.913,76621,0
31-10-2016,23.932,23.951,23.885,23.922,34425,0
01-11-2016,23.905,23.944,23.885,23.895,33401,0
02-11-2016,23.885,23.988,23.866,23.866,42186,0
03-11-2016,23.951,23.951,23.791,23.8,53684,0
04-11-2016,23.8,23.847,23.773,23.773,25567,0
07-11-2016,23.819,23.895,23.781,23.781,38312,0
08-11-2016,23.791,23.8,23.715,23.715,78747,0
09-11-2016,23.603,23.771,23.584,23.735,53336,0
10-11-2016,23.744,23.79,23.659,23.735,82348,0
11-11-2016,23.744,23.819,23.671,23.754,51730,0
14-11-2016,23.725,23.725,23.359,23.388,149636,0
15-11-2016,23.556,23.715,23.491,23.659,76505,0
16-11-2016,23.622,23.698,23.593,23.65,108832,0
17-11-2016,23.632,23.659,23.603,23.632,46189,0
18-11-2016,23.622,23.659,23.527,23.566,70434,0
21-11-2016,23.576,23.65,23.547,23.593,63176,0
22-11-2016,23.613,23.669,23.603,23.641,145955,0
23-11-2016,23.641,23.678,23.584,23.632,44034,0
25-11-2016,23.632,23.715,23.632,23.715,23226,0
28-11-2016,23.725,23.8,23.678,23.754,43769,0
29-11-2016,23.799,23.886,23.733,23.847,76707,0
30-11-2016,23.857,23.884,23.742,23.79,150025,0
01-12-2016,23.79,23.808,23.676,23.676,76544,0
02-12-2016,23.695,23.733,23.552,23.676,68366,0
05-12-2016,23.648,23.847,23.647,23.829,75191,0
06-12-2016,23.839,23.906,23.809,23.847,57955,0
07-12-2016,23.839,24.01,23.839,24.01,84414,0
08-12-2016,23.963,23.99,23.772,23.78,49628,0
09-12-2016,23.79,23.958,23.771,23.857,58463,0
12-12-2016,23.866,23.879,23.781,23.809,70822,0
13-12-2016,23.819,23.904,23.819,23.847,62397,0
14-12-2016,23.847,23.914,23.694,23.847,80586,0
15-12-2016,23.866,24.105,23.648,23.839,168478,0
16-12-2016,23.953,23.963,23.819,23.876,49320,0
19-12-2016,24,24.01,23.866,23.914,56435,0
20-12-2016,23.943,24.005,23.799,23.876,115811,0
21-12-2016,23.905,23.914,23.857,23.914,93211,0
22-12-2016,23.914,24.01,23.914,24,52482,0
23-12-2016,24.047,24.047,23.963,23.971,22920,0
27-12-2016,24.057,24.087,23.923,23.943,61351,0
28-12-2016,23.971,24.01,23.943,23.943,42264,0
29-12-2016,24.02,24.02,23.923,23.923,32955,0
30-12-2016,23.923,24.02,23.896,23.905,34549,0
03-01-2017,24,24.038,23.963,23.981,45679,0
04-01-2017,24.02,24.105,23.981,24.057,36093,0
05-01-2017,24.097,24.105,23.953,24.02,54875,0
06-01-2017,24.057,24.144,24.038,24.038,41794,0
09-01-2017,24.105,24.124,24.02,24.038,127862,0
10-01-2017,24.047,24.1,24.047,24.097,172521,0
11-01-2017,24.067,24.097,24.049,24.087,97849,0
12-01-2017,24.097,24.097,24.067,24.097,30010,0
13-01-2017,24.105,24.134,24.077,24.114,215629,0
17-01-2017,24.114,24.154,24.097,24.114,308844,0
18-01-2017,24.124,24.151,24.105,24.114,53209,0
19-01-2017,24.124,24.154,24.097,24.134,699517,0
20-01-2017,24.124,24.181,24.077,24.087,112914,0
23-01-2017,24.097,24.154,24.077,24.134,65006,0
24-01-2017,24.124,24.201,24.124,24.134,32281,0
25-01-2017,24.105,24.171,24.105,24.105,40206,0
26-01-2017,24.105,24.191,24.097,24.171,36337,0
27-01-2017,24.191,24.221,24.154,24.191,56913,0
30-01-2017,24.211,24.211,24.124,24.201,23144,0
31-01-2017,24.201,24.201,24.124,24.191,57339,0
01-02-2017,24.154,24.201,24.154,24.191,27614,0
02-02-2017,24.229,24.248,24.191,24.226,64184,0
03-02-2017,24.238,24.258,24.221,24.258,79891,0
06-02-2017,24.281,24.295,24.258,24.295,33609,0
07-02-2017,24.295,24.315,24.268,24.305,297292,0
08-02-2017,24.315,24.362,24.305,24.335,75484,0
09-02-2017,24.345,24.392,24.305,24.325,242244,0
10-02-2017,24.288,24.335,24.288,24.305,79107,0
13-02-2017,24.325,24.372,24.325,24.372,248885,0
14-02-2017,24.392,24.392,24.345,24.392,68375,0
15-02-2017,24.372,24.419,24.372,24.419,57804,0
16-02-2017,24.439,24.439,24.392,24.429,34108,0
17-02-2017,24.392,24.429,24.362,24.392,30779,0
21-02-2017,24.412,24.439,24.402,24.429,157758,0
22-02-2017,24.439,24.469,24.429,24.469,61475,0
23-02-2017,24.459,24.506,24.439,24.506,111491,0
24-02-2017,24.526,24.536,24.487,24.536,54180,0
27-02-2017,24.582,24.582,24.534,24.552,77580,0
28-02-2017,24.544,24.582,24.544,24.572,75500,0
01-03-2017,24.572,24.582,24.541,24.572,302291,0
02-03-2017,24.552,24.572,24.514,24.534,50756,0
03-03-2017,24.544,24.572,24.514,24.544,83770,0
06-03-2017,24.552,24.572,24.515,24.572,64718,0
07-03-2017,24.582,24.582,24.514,24.582,76361,0
08-03-2017,24.582,24.582,24.514,24.524,114233,0
09-03-2017,24.514,24.534,24.468,24.534,514276,0
10-03-2017,24.534,24.534,24.446,24.514,60963,0
13-03-2017,24.494,24.728,24.494,24.494,37297,0
14-03-2017,24.494,24.552,24.494,24.534,49915,0
15-03-2017,24.544,24.62,24.494,24.62,70814,0
16-03-2017,24.572,24.67,24.572,24.64,84635,0
17-03-2017,24.678,24.776,24.65,24.688,40288,0
20-03-2017,24.746,24.766,24.67,24.737,106120,0
21-03-2017,24.728,24.756,24.678,24.746,76574,0
22-03-2017,24.728,24.728,24.688,24.698,35310,0
23-03-2017,24.708,24.766,24.708,24.766,130662,0
24-03-2017,24.746,24.766,24.728,24.737,74374,0
27-03-2017,24.737,24.814,24.728,24.804,46600,0
28-03-2017,24.804,24.804,24.737,24.804,32680,0
29-03-2017,24.766,24.864,24.766,24.786,50354,0
30-03-2017,24.786,24.834,24.776,24.795,140755,0
31-03-2017,24.834,24.844,24.737,24.737,85368,0
03-04-2017,24.776,24.998,24.766,24.922,86691,0
04-04-2017,24.998,25.086,24.854,25.038,40121,0
05-04-2017,25.018,25.018,24.882,24.95,48693,0
06-04-2017,24.97,25.057,24.95,25.048,78843,0
07-04-2017,25.008,25.008,24.872,25.008,32691,0
10-04-2017,25.008,25.008,24.94,24.998,39834,0
11-04-2017,25.038,25.057,24.97,24.99,26063,0
12-04-2017,24.99,25.048,24.97,25.033,27114,0
13-04-2017,25.048,25.086,24.96,25.086,36850,0
17-04-2017,25.018,25.096,24.998,25.086,39950,0
18-04-2017,25.028,25.116,24.98,25.086,24339,0
19-04-2017,25.066,25.116,25.018,25.057,27690,0
20-04-2017,25.106,25.116,24.922,24.931,39459,0
21-04-2017,24.94,24.97,24.834,24.931,73553,0
24-04-2017,24.94,25.096,24.94,25.028,41294,0
25-04-2017,24.94,24.97,24.882,24.902,66045,0
26-04-2017,24.902,24.998,24.892,24.97,41730,0
27-04-2017,24.998,25.096,24.99,25.076,35626,0
28-04-2017,25.076,25.096,24.998,24.998,39553,0
01-05-2017,24.99,25.066,24.902,25.018,30178,0
02-05-2017,24.998,25.174,24.998,25.164,60591,0
03-05-2017,25.066,25.174,24.766,25.154,69477,0
04-05-2017,25.066,25.144,25.062,25.125,22005,0
05-05-2017,25.018,25.212,25.018,25.212,31583,0
08-05-2017,25.232,25.251,25.164,25.251,41375,0
09-05-2017,25.251,25.251,25.154,25.251,18184,0
10-05-2017,25.26,25.28,25.194,25.27,29706,0
11-05-2017,25.212,25.232,25.151,25.202,15408,0
12-05-2017,25.154,25.212,25.154,25.212,25898,0
15-05-2017,25.174,25.297,25.174,25.28,46829,0
16-05-2017,25.222,25.31,25.222,25.3,20396,0
17-05-2017,25.278,25.29,25.212,25.26,18896,0
18-05-2017,25.154,25.29,25.154,25.29,30467,0
19-05-2017,25.232,25.29,25.212,25.222,41427,0
22-05-2017,25.242,25.29,25.232,25.251,46626,0
23-05-2017,25.242,25.29,25.242,25.29,20854,0
24-05-2017,25.29,25.328,25.29,25.328,21247,0
25-05-2017,25.386,25.445,25.347,25.445,44832,0
26-05-2017,25.386,25.436,25.232,25.436,41434,0
30-05-2017,25.591,25.591,25.375,25.414,31244,0
31-05-2017,25.414,25.453,25.414,25.444,97230,0
01-06-2017,25.483,25.483,25.443,25.473,46323,0
02-06-2017,25.503,25.542,25.483,25.532,130320,0
05-06-2017,25.601,25.605,25.526,25.542,19473,0
06-06-2017,25.534,25.562,25.523,25.562,30012,0
07-06-2017,25.501,25.552,25.493,25.532,26597,0
08-06-2017,25.532,25.532,25.503,25.512,11209,0
09-06-2017,25.522,25.611,25.522,25.591,21627,0
12-06-2017,25.562,25.591,25.562,25.581,22818,0
13-06-2017,25.552,25.572,25.453,25.532,38665,0
14-06-2017,25.523,25.65,25.51,25.64,91008,0
15-06-2017,25.512,25.601,25.453,25.453,42345,0
16-06-2017,25.542,25.611,25.526,25.611,27542,0
19-06-2017,25.67,25.67,25.503,25.542,149435,0
20-06-2017,25.542,25.581,25.453,25.453,39834,0
21-06-2017,25.489,25.522,25.453,25.512,19059,0
22-06-2017,25.503,25.601,25.483,25.512,358732,0
23-06-2017,25.503,25.68,25.493,25.64,62289,0
26-06-2017,25.601,25.67,25.601,25.64,42547,0
27-06-2017,25.65,25.65,25.581,25.64,49237,0
28-06-2017,25.562,25.68,25.404,25.424,67346,0
29-06-2017,25.434,25.465,25.335,25.365,51006,0
30-06-2017,25.345,25.434,25.345,25.414,61415,0
03-07-2017,25.434,25.542,25.434,25.483,18765,0
05-07-2017,25.483,25.572,25.473,25.572,27346,0
06-07-2017,25.572,25.572,25.493,25.512,31328,0
07-07-2017,25.492,25.68,25.492,25.68,39606,0
10-07-2017,25.581,25.631,25.542,25.631,40218,0
11-07-2017,25.591,25.591,25.532,25.572,25411,0
12-07-2017,25.572,25.65,25.572,25.621,51225,0
13-07-2017,25.621,25.621,25.591,25.596,13451,0
14-07-2017,25.581,25.611,25.445,25.493,48368,0
17-07-2017,25.522,25.542,25.473,25.527,22107,0
18-07-2017,25.493,25.581,25.493,25.581,77624,0
19-07-2017,25.591,25.65,25.567,25.601,106933,0
20-07-2017,25.64,25.68,25.601,25.67,41190,0
21-07-2017,25.601,25.916,25.601,25.916,81810,0
24-07-2017,25.749,25.798,25.66,25.798,22746,0
25-07-2017,25.749,25.749,25.601,25.601,23431,0
26-07-2017,25.67,25.67,25.601,25.653,13683,0
27-07-2017,25.65,25.729,25.64,25.64,26171,0
28-07-2017,25.68,25.778,25.641,25.778,17308,0
31-07-2017,25.68,25.768,25.66,25.739,35321,0
01-08-2017,25.7,25.788,25.69,25.749,30615,0
02-08-2017,25.768,25.788,25.69,25.709,30613,0
03-08-2017,25.759,25.768,25.512,25.532,54099,0
04-08-2017,25.67,25.67,25.424,25.552,103816,0
07-08-2017,25.493,25.522,25.483,25.512,27822,0
08-08-2017,25.562,25.581,25.512,25.532,43125,0
09-08-2017,25.552,25.552,25.473,25.503,50276,0
10-08-2017,25.493,25.493,25.384,25.394,50816,0
11-08-2017,25.424,25.443,25.325,25.404,59036,0
14-08-2017,25.424,25.542,25.424,25.453,44092,0
15-08-2017,25.463,25.542,25.434,25.503,69615,0
16-08-2017,25.534,25.591,25.532,25.591,39264,0
17-08-2017,25.591,25.602,25.542,25.591,37301,0
18-08-2017,25.591,25.65,25.591,25.65,10655,0
21-08-2017,25.739,25.739,25.591,25.631,60180,0
22-08-2017,25.66,25.778,25.581,25.709,315582,0
23-08-2017,25.65,25.657,25.591,25.601,15078,0
24-08-2017,25.68,25.68,25.591,25.601,20270,0
25-08-2017,25.621,25.67,25.621,25.67,34861,0
28-08-2017,25.67,25.7,25.621,25.7,18809,0
29-08-2017,25.621,25.69,25.621,25.67,46389,0
30-08-2017,25.84,25.84,25.76,25.84,59347,0
31-08-2017,25.79,25.86,25.74,25.86,58155,0
01-09-2017,25.81,25.82,25.78,25.79,12230,0
05-09-2017,25.84,25.87,25.8189,25.82,45485,0
06-09-2017,25.8,25.86,25.8,25.86,32603,0
07-09-2017,25.84,25.92,25.7969,25.8399,50581,0
08-09-2017,25.82,25.82,25.74,25.78,31124,0
11-09-2017,25.78,25.83,25.75,25.83,33641,0
12-09-2017,25.81,25.86,25.8007,25.85,43396,0
13-09-2017,25.87,25.9,25.82,25.821,81228,0
14-09-2017,25.85,26.05,25.84,25.84,33817,0
15-09-2017,25.84,25.93,25.84,25.88,42753,0
18-09-2017,25.9,25.94,25.9,25.9,33052,0
19-09-2017,25.97,25.97,25.9,25.92,31416,0
20-09-2017,25.9,25.94,25.9,25.94,28075,0
21-09-2017,25.94,25.9499,25.9,25.9499,14192,0
22-09-2017,25.9,25.92,25.9,25.92,25279,0
25-09-2017,25.95,25.96,25.9,25.91,138427,0
26-09-2017,25.9,25.96,25.88,25.9,47066,0
27-09-2017,25.89,25.93,25.86,25.88,53215,0
28-09-2017,25.85,25.89,25.85,25.85,46748,0
29-09-2017,25.89,25.89,25.85,25.89,46478,0
02-10-2017,25.89,25.901,25.82,25.82,36215,0
03-10-2017,25.9,25.9,25.8,25.81,30288,0
04-10-2017,25.82,25.9,25.81,25.82,26430,0
05-10-2017,25.81,25.95,25.81,25.86,77692,0
06-10-2017,25.84,25.87,25.7441,25.76,157580,0
09-10-2017,25.9,25.9,25.72,25.72,42884,0
10-10-2017,25.72,25.839,25.72,25.76,22876,0
11-10-2017,25.77,25.81,25.76,25.78,18161,0
12-10-2017,25.78,25.78,25.73,25.77,52187,0
13-10-2017,25.77,25.83,25.77,25.79,27140,0
16-10-2017,25.88,25.88,25.74,25.8,36337,0
17-10-2017,25.88,25.91,25.8315,25.89,277180,0
18-10-2017,25.849,25.89,25.81,25.89,13960,0
19-10-2017,25.96,25.96,25.89,25.95,40647,0
20-10-2017,25.97,25.97,25.89,25.96,39309,0
23-10-2017,25.91,25.93,25.87,25.8805,27012,0
24-10-2017,25.9,25.9408,25.8672,25.916,38556,0
25-10-2017,25.86,25.89,25.86,25.86,24840,0
26-10-2017,25.86,25.8901,25.85,25.85,16196,0
27-10-2017,25.83,25.91,25.82,25.83,21192,0
30-10-2017,25.86,25.8999,25.83,25.8447,23797,0
31-10-2017,25.9,25.9,25.82,25.9,60179,0
01-11-2017,25.8772,25.89,25.82,25.82,37938,0
02-11-2017,25.85,25.9,25.82,25.9,36921,0
03-11-2017,25.8984,25.9,25.84,25.88,17926,0
06-11-2017,25.88,25.89,25.849,25.87,25183,0
07-11-2017,25.9,25.9,25.84,25.84,24798,0
08-11-2017,25.84,25.9,25.84,25.88,21787,0
09-11-2017,25.88,25.9,25.86,25.9,26283,0
10-11-2017,25.8762,25.91,25.864,25.9,22207,0
